,Unnamed: 0,Regression
0,0,1044.20831323353
1,1,1045.1239865616824
2,2,1046.0396598898342
3,3,1046.9553332179864
4,4,1047.8710065461382
5,5,1048.7866798742903
6,6,1049.7023532024423
7,7,1050.6180265305943
8,8,1051.5336998587466
9,9,1052.4493731868988
10,10,1053.3650465150508
11,11,1054.2807198432029
12,12,1055.1963931713547
13,13,1056.112066499507
14,14,1057.0277398276594
15,15,1057.9434131558114
16,16,1058.8590864839632
17,17,1059.7747598121152
18,18,1060.6904331402673
19,19,1061.6061064684197
20,20,1062.5217797965718
21,21,1063.4374531247236
22,22,1064.3531264528756
23,23,1065.2687997810276
24,24,1066.1844731091796
25,25,1067.1001464373321
26,26,1068.015819765484
27,27,1068.931493093636
28,28,1069.847166421788
29,29,1070.76283974994
30,30,1071.6785130780922
31,31,1072.5941864062443
32,32,1073.5098597343963
33,33,1074.4255330625483
34,34,1075.3412063907003
35,35,1076.2568797188524
36,36,1077.1725530470046
37,37,1078.0882263751566
38,38,1079.0038997033087
39,39,1079.9195730314607
40,40,1080.8352463596127
41,41,1081.750919687765
42,42,1082.666593015917
43,43,1083.582266344069
44,44,1084.497939672221
45,45,1085.4136130003728
46,46,1086.3292863285249
47,47,1087.2449596566773
48,48,1088.1606329848294
49,49,1089.0763063129814
50,50,1089.9919796411334
51,51,1090.9076529692854
52,52,1091.8233262974377
53,53,1092.7389996255897
54,54,1093.6546729537415
55,55,1094.5703462818938
56,56,1095.4860196100458
57,57,1096.401692938198
58,58,1097.3173662663498
59,59,1098.2330395945019
60,60,1099.1487129226539
61,61,1100.064386250806
62,62,1100.9800595789584
63,63,1101.8957329071104
64,64,1102.8114062352624
65,65,1103.7270795634142
66,66,1104.6427528915663
67,67,1105.5584262197183
68,68,1106.4740995478708
69,69,1107.3897728760228
70,70,1108.3054462041748
71,71,1109.2211195323268
72,72,1110.1367928604789
73,73,1111.0524661886313
74,74,1111.9681395167834
75,75,1112.8838128449354
76,76,1113.7994861730874
77,77,1114.7151595012392
78,78,1115.6308328293912
79,79,1116.5465061575437
80,80,1117.4621794856957
81,81,1118.3778528138478
82,82,1119.2935261419996
83,83,1120.2091994701516
84,84,1121.1248727983036
85,85,1122.040546126456
86,86,1122.956219454608
87,87,1123.87189278276
88,88,1124.787566110912
89,89,1125.703239439064
90,90,1126.6189127672162
91,91,1127.5345860953682
92,92,1128.4502594235205
93,93,1129.3659327516725
94,94,1130.2816060798245
95,95,1131.1972794079766
96,96,1132.1129527361286
97,97,1133.0286260642806
98,98,1133.9442993924326
99,99,1134.8599727205847
100,100,1135.7756460487367
101,101,1136.691319376889
102,102,1137.606992705041
103,103,1138.522666033193
104,104,1139.438339361345
105,105,1140.354012689497
106,106,1141.2696860176493
107,107,1142.1853593458013
108,108,1143.1010326739533
109,109,1144.0167060021056
110,110,1144.9323793302576
111,111,1145.8480526584094
112,112,1146.7637259865614
113,113,1147.6793993147135
114,114,1148.5950726428655
115,115,1149.5107459710175
116,116,1150.4264192991698
117,117,1151.342092627322
118,118,1152.257765955474
119,119,1153.1734392836258
120,120,1154.0891126117779
121,121,1155.00478593993
122,122,1155.920459268082
123,123,1156.8361325962344
124,124,1157.7518059243864
125,125,1158.6674792525384
126,126,1159.5831525806905
127,127,1160.4988259088425
128,128,1161.4144992369947
129,129,1162.3301725651468
130,130,1163.2458458932988
131,131,1164.1615192214508
132,132,1165.0771925496028
133,133,1165.9928658777549
134,134,1166.9085392059073
135,135,1167.8242125340594
136,136,1168.7398858622114
137,137,1169.6555591903634
138,138,1170.5712325185154
139,139,1171.4869058466675
140,140,1172.4025791748195
141,141,1173.3182525029715
142,142,1174.2339258311235
143,143,1175.1495991592756
144,144,1176.0652724874278
145,145,1176.9809458155796
146,146,1177.896619143732
147,147,1178.812292471884
148,148,1179.727965800036
149,149,1180.6436391281884
150,150,1181.5593124563402
151,151,1182.4749857844922
152,152,1183.3906591126442
153,153,1184.3063324407965
154,154,1185.2220057689485
155,155,1186.1376790971005
156,156,1187.0533524252526
157,157,1187.9690257534046
158,158,1188.8846990815566
159,159,1189.8003724097086
160,160,1190.7160457378611
161,161,1191.631719066013
162,162,1192.547392394165
163,163,1193.463065722317
164,164,1194.378739050469
165,165,1195.294412378621
166,166,1196.2100857067733
167,167,1197.1257590349253
168,168,1198.0414323630773
169,169,1198.9571056912293
170,170,1199.8727790193816
171,171,1200.7884523475336
172,172,1201.7041256756854
173,173,1202.6197990038374
174,174,1203.5354723319895
175,175,1204.4511456601415
176,176,1205.3668189882935
177,177,1206.282492316446
178,178,1207.198165644598
179,179,1208.11383897275
180,180,1209.0295123009018
181,181,1209.9451856290539
182,182,1210.8608589572066
183,183,1211.7765322853584
184,184,1212.6922056135104
185,185,1213.6078789416624
186,186,1214.5235522698144
187,187,1215.4392255979665
188,188,1216.3548989261187
189,189,1217.2705722542707
190,190,1218.1862455824228
191,191,1219.1019189105748
192,192,1220.017592238727
193,193,1220.933265566879
194,194,1221.8489388950309
195,195,1222.7646122231833
196,196,1223.6802855513354
197,197,1224.5959588794874
198,198,1225.5116322076394
199,199,1226.4273055357914
200,200,1227.3429788639435
201,201,1228.2586521920955
202,202,1229.1743255202475
203,203,1230.0899988483998
204,204,1231.0056721765518
205,205,1231.9213455047036
206,206,1232.8370188328556
207,207,1233.752692161008
208,208,1234.66836548916
209,209,1235.584038817312
210,210,1236.4997121454644
211,211,1237.4153854736162
212,212,1238.3310588017682
213,213,1239.2467321299202
214,214,1240.1624054580725
215,215,1241.0780787862245
216,216,1241.9937521143765
217,217,1242.9094254425286
218,218,1243.8250987706806
219,219,1244.7407720988326
220,220,1245.6564454269846
221,221,1246.5721187551371
222,222,1247.487792083289
223,223,1248.403465411441
224,224,1249.319138739593
225,225,1250.2348120677452
226,226,1251.1504853958972
227,227,1252.0661587240493
228,228,1252.9818320522013
229,229,1253.8975053803533
230,230,1254.8131787085053
231,231,1255.7288520366576
232,232,1256.6445253648096
233,233,1257.5601986929614
234,234,1258.4758720211134
235,235,1259.3915453492655
236,236,1260.307218677418
237,237,1261.22289200557
238,238,1262.138565333722
239,239,1263.054238661874
240,240,1263.969911990026
241,241,1264.8855853181778
242,242,1265.8012586463306
243,243,1266.7169319744826
244,244,1267.6326053026344
245,245,1268.5482786307864
246,246,1269.4639519589384
247,247,1270.3796252870907
248,248,1271.2952986152427
249,249,1272.2109719433947
250,250,1273.1266452715467
251,251,1274.0423185996988
252,252,1274.9579919278508
253,253,1275.873665256003
254,254,1276.789338584155
255,255,1277.7050119123069
256,256,1278.6206852404594
257,257,1279.5363585686114
258,258,1280.4520318967634
259,259,1281.3677052249154
260,260,1282.2833785530675
261,261,1283.1990518812195
262,262,1284.1147252093715
263,263,1285.0303985375235
264,264,1285.9460718656758
265,265,1286.8617451938278
266,266,1287.7774185219796
267,267,1288.693091850132
268,268,1289.608765178284
269,269,1290.524438506436
270,270,1291.4401118345884
271,271,1292.3557851627404
272,272,1293.2714584908922
273,273,1294.1871318190442
274,274,1295.1028051471965
275,275,1296.0184784753485
276,276,1296.9341518035005
277,277,1297.8498251316526
278,278,1298.7654984598046
279,279,1299.6811717879566
280,280,1300.5968451161086
281,281,1301.5125184442606
282,282,1302.4281917724131
283,283,1303.343865100565
284,284,1304.259538428717
285,285,1305.175211756869
286,286,1306.0908850850212
287,287,1307.0065584131733
288,288,1307.9222317413253
289,289,1308.8379050694773
290,290,1309.7535783976296
291,291,1310.6692517257816
292,292,1311.5849250539336
293,293,1312.5005983820856
294,294,1313.4162717102374
295,295,1314.3319450383894
296,296,1315.2476183665422
297,297,1316.163291694694
298,298,1317.078965022846
299,299,1317.994638350998
300,300,1318.91031167915
301,301,1319.8259850073025
302,302,1320.7416583354545
303,303,1321.6573316636066
304,304,1322.5730049917586
305,305,1323.4886783199104
306,306,1324.4043516480624
307,307,1325.3200249762147
308,308,1326.2356983043667
309,309,1327.1513716325187
310,310,1328.0670449606707
311,311,1328.982718288823
312,312,1329.898391616975
313,313,1330.814064945127
314,314,1331.729738273279
315,315,1332.645411601431
316,316,1333.5610849295829
317,317,1334.4767582577354
318,318,1335.3924315858874
319,319,1336.3081049140394
320,320,1337.2237782421914
321,321,1338.1394515703435
322,322,1339.0551248984955
323,323,1339.9707982266475
324,324,1340.8864715547998
325,325,1341.8021448829518
326,326,1342.7178182111038
327,327,1343.6334915392556
328,328,1344.549164867408
329,329,1345.46483819556
330,330,1346.380511523712
331,331,1347.2961848518644
332,332,1348.2118581800162
333,333,1349.1275315081684
334,334,1350.0432048363205
335,335,1350.9588781644725
336,336,1351.8745514926245
337,337,1352.7902248207765
338,338,1353.7058981489286
339,339,1354.6215714770806
340,340,1355.5372448052326
341,341,1356.4529181333846
342,342,1357.3685914615367
343,343,1358.2842647896891
344,344,1359.1999381178412
345,345,1360.1156114459932
346,346,1361.0312847741452
347,347,1361.9469581022972
348,348,1362.8626314304493
349,349,1363.7783047586013
350,350,1364.6939780867533
351,351,1365.6096514149056
352,352,1366.5253247430576
353,353,1367.4409980712096
354,354,1368.3566713993616
355,355,1369.272344727514
356,356,1370.1880180556661
357,357,1371.1036913838182
358,358,1372.01936471197
359,359,1372.935038040122
360,360,1373.850711368274
361,361,1374.7663846964265
362,362,1375.6820580245785
363,363,1376.5977313527303
364,364,1377.5134046808826
365,365,1378.4290780090344
366,366,1379.3447513371866
367,367,1380.2604246653384
368,368,1381.1760979934907
369,369,1382.0917713216427
370,370,1383.0074446497947
371,371,1383.9231179779467
372,372,1384.838791306099
373,373,1385.754464634251
374,374,1386.670137962403
375,375,1387.585811290555
376,376,1388.5014846187073
377,377,1389.417157946859
378,378,1390.3328312750116
379,379,1391.2485046031634
380,380,1392.1641779313156
381,381,1393.0798512594674
382,382,1393.9955245876197
383,383,1394.9111979157715
384,384,1395.8268712439237
385,385,1396.7425445720758
386,386,1397.6582179002276
387,387,1398.57389122838
388,388,1399.489564556532
389,389,1400.405237884684
390,390,1401.320911212836
391,391,1402.236584540988
392,392,1403.1522578691404
393,393,1404.0679311972922
394,394,1404.9836045254447
395,395,1405.8992778535965
396,396,1406.8149511817483
397,397,1407.7306245099005
398,398,1408.6462978380528
399,399,1409.5619711662048
400,400,1410.4776444943566
401,401,1411.3933178225088
402,402,1412.3089911506606
403,403,1413.2246644788129
404,404,1414.1403378069651
405,405,1415.0560111351172
406,406,1415.9716844632694
407,407,1416.8873577914212
408,408,1417.8030311195735
409,409,1418.7187044477255
410,410,1419.6343777758773
411,411,1420.5500511040295
412,412,1421.4657244321813
413,413,1422.3813977603336
414,414,1423.2970710884854
415,415,1424.2127444166376
416,416,1425.12841774479
417,417,1426.044091072942
418,418,1426.9597644010942
419,419,1427.875437729246
420,420,1428.7911110573984
421,421,1429.7067843855502
422,422,1430.6224577137025
423,423,1431.5381310418545
424,424,1432.4538043700063
425,425,1433.3694776981586
426,426,1434.2851510263104
427,427,1435.2008243544626
428,428,1436.1164976826144
429,429,1437.0321710107667
430,430,1437.9478443389187
431,431,1438.863517667071
432,432,1439.7791909952232
433,433,1440.694864323375
434,434,1441.610537651527
435,435,1442.526210979679
436,436,1443.441884307831
437,437,1444.3575576359833
438,438,1445.273230964135
439,439,1446.1889042922876
440,440,1447.1045776204394
441,441,1448.0202509485916
442,442,1448.9359242767434
443,443,1449.8515976048957
444,444,1450.7672709330475
445,445,1451.6829442611997
446,446,1452.5986175893518
447,447,1453.5142909175036
448,448,1454.429964245656
449,449,1455.345637573808
450,450,1456.2613109019599
451,451,1457.176984230112
452,452,1458.0926575582644
453,453,1459.0083308864166
454,454,1459.9240042145684
455,455,1460.8396775427207
456,456,1461.7553508708725
457,457,1462.6710241990243
458,458,1463.5866975271765
459,459,1464.5023708553288
460,460,1465.4180441834808
461,461,1466.3337175116326
462,462,1467.2493908397848
463,463,1468.165064167937
464,464,1469.0807374960891
465,465,1469.9964108242414
466,466,1470.9120841523932
467,467,1471.8277574805454
468,468,1472.7434308086972
469,469,1473.6591041368495
470,470,1474.5747774650015
471,471,1475.4904507931533
472,472,1476.4061241213055
473,473,1477.3217974494573
474,474,1478.2374707776098
475,475,1479.1531441057616
476,476,1480.0688174339139
477,477,1480.9844907620661
478,478,1481.900164090218
479,479,1482.8158374183702
480,480,1483.731510746522
481,481,1484.6471840746744
482,482,1485.5628574028262
483,483,1486.4785307309785
484,484,1487.3942040591305
485,485,1488.3098773872823
486,486,1489.2255507154346
487,487,1490.1412240435864
488,488,1491.0568973717386
489,489,1491.9725706998904
490,490,1492.8882440280427
491,491,1493.8039173561947
492,492,1494.719590684347
493,493,1495.6352640124992
494,494,1496.550937340651
495,495,1497.466610668803
496,496,1498.3822839969553
497,497,1499.297957325107
498,498,1500.2136306532593
499,499,1501.129303981411
500,500,1502.0449773095636
501,501,1502.9606506377154
502,502,1503.8763239658676
503,503,1504.7919972940194
504,504,1505.7076706221717
505,505,1506.6233439503235
506,506,1507.539017278476
507,507,1508.4546906066282
508,508,1509.37036393478
509,509,1510.286037262932
510,510,1511.201710591084
511,511,1512.117383919236
512,512,1513.033057247388
513,513,1513.9487305755404
514,514,1514.8644039036926
515,515,1515.7800772318444
516,516,1516.6957505599967
517,517,1517.6114238881487
518,518,1518.5270972163007
519,519,1519.4427705444527
520,520,1520.3584438726048
521,521,1521.2741172007568
522,522,1522.1897905289086
523,523,1523.1054638570608
524,524,1524.021137185213
525,525,1524.9368105133651
526,526,1525.8524838415174
527,527,1526.7681571696692
528,528,1527.6838304978214
529,529,1528.5995038259734
530,530,1529.5151771541255
531,531,1530.4308504822775
532,532,1531.3465238104293
533,533,1532.2621971385815
534,534,1533.1778704667333
535,535,1534.0935437948858
536,536,1535.0092171230376
537,537,1535.9248904511899
538,538,1536.8405637793421
539,539,1537.756237107494
540,540,1538.6719104356464
541,541,1539.5875837637982
542,542,1540.5032570919504
543,543,1541.4189304201022
544,544,1542.3346037482545
545,545,1543.2502770764065
546,546,1544.1659504045583
547,547,1545.0816237327106
548,548,1545.9972970608624
549,549,1546.9129703890146
550,550,1547.8286437171666
551,551,1548.744317045319
552,552,1549.6599903734711
553,553,1550.575663701623
554,554,1551.4913370297752
555,555,1552.407010357927
556,556,1553.322683686079
557,557,1554.2383570142313
558,558,1555.154030342383
559,559,1556.0697036705353
560,560,1556.9853769986873
561,561,1557.9010503268396
562,562,1558.8167236549914
563,563,1559.7323969831436
564,564,1560.6480703112954
565,565,1561.5637436394477
566,566,1562.4794169675995
567,567,1563.3950902957517
568,568,1564.3107636239042
569,569,1565.226436952056
570,570,1566.142110280208
571,571,1567.0577836083605
572,572,1567.9734569365125
573,573,1568.8891302646646
574,574,1569.8048035928164
575,575,1570.7204769209686
576,576,1571.6361502491204
577,577,1572.5518235772727
578,578,1573.4674969054245
579,579,1574.3831702335767
580,580,1575.2988435617287
581,581,1576.2145168898808
582,582,1577.1301902180332
583,583,1578.045863546185
584,584,1578.9615368743368
585,585,1579.877210202489
586,586,1580.7928835306411
587,587,1581.7085568587934
588,588,1582.6242301869452
589,589,1583.5399035150974
590,590,1584.4555768432494
591,591,1585.3712501714015
592,592,1586.2869234995535
593,593,1587.2025968277053
594,594,1588.1182701558578
595,595,1589.0339434840098
596,596,1589.9496168121618
597,597,1590.8652901403136
598,598,1591.7809634684659
599,599,1592.6966367966181
600,600,1593.61231012477
601,601,1594.5279834529224
602,602,1595.4436567810742
603,603,1596.3593301092264
604,604,1597.2750034373785
605,605,1598.1906767655305
606,606,1599.1063500936825
607,607,1600.0220234218343
608,608,1600.9376967499866
609,609,1601.8533700781384
610,610,1602.7690434062906
611,611,1603.6847167344426
612,612,1604.600390062595
613,613,1605.5160633907471
614,614,1606.4317367188992
615,615,1607.3474100470514
616,616,1608.2630833752032
617,617,1609.178756703355
618,618,1610.0944300315073
619,619,1611.010103359659
620,620,1611.9257766878113
621,621,1612.8414500159631
622,622,1613.7571233441156
623,623,1614.6727966722674
624,624,1615.5884700004196
625,625,1616.5041433285721
626,626,1617.419816656724
627,627,1618.3354899848762
628,628,1619.251163313028
629,629,1620.1668366411802
630,630,1621.082509969332
631,631,1621.998183297484
632,632,1622.913856625636
633,633,1623.8295299537886
634,634,1624.7452032819406
635,635,1625.6608766100924
636,636,1626.5765499382446
637,637,1627.4922232663964
638,638,1628.4078965945487
639,639,1629.3235699227007
640,640,1630.2392432508527
641,641,1631.1549165790047
642,642,1632.0705899071568
643,643,1632.9862632353088
644,644,1633.901936563461
645,645,1634.8176098916128
646,646,1635.733283219765
647,647,1636.6489565479176
648,648,1637.5646298760696
649,649,1638.4803032042214
650,650,1639.3959765323734
651,651,1640.3116498605254
652,652,1641.2273231886775
653,653,1642.1429965168295
654,654,1643.0586698449813
655,655,1643.9743431731338
656,656,1644.8900165012858
657,657,1645.8056898294378
658,658,1646.72136315759
659,659,1647.6370364857419
660,660,1648.5527098138941
661,661,1649.4683831420462
662,662,1650.3840564701984
663,663,1651.2997297983502
664,664,1652.2154031265025
665,665,1653.1310764546542
666,666,1654.0467497828065
667,667,1654.9624231109585
668,668,1655.8780964391108
669,669,1656.7937697672628
670,670,1657.7094430954148
671,671,1658.6251164235669
672,672,1659.5407897517186
673,673,1660.456463079871
674,674,1661.3721364080232
675,675,1662.287809736175
676,676,1663.2034830643274
677,677,1664.1191563924792
678,678,1665.034829720631
679,679,1665.9505030487835
680,680,1666.8661763769355
681,681,1667.7818497050876
682,682,1668.6975230332393
683,683,1669.6131963613916
684,684,1670.5288696895434
685,685,1671.4445430176957
686,686,1672.3602163458474
687,687,1673.275889674
688,688,1674.1915630021522
689,689,1675.107236330304
690,690,1676.0229096584562
691,691,1676.9385829866085
692,692,1677.8542563147605
693,693,1678.7699296429125
694,694,1679.6856029710646
695,695,1680.6012762992166
696,696,1681.5169496273684
697,697,1682.4326229555206
698,698,1683.3482962836729
699,699,1684.2639696118247
700,700,1685.1796429399767
701,701,1686.095316268129
702,702,1687.0109895962812
703,703,1687.926662924433
704,704,1688.8423362525853
705,705,1689.758009580737
706,706,1690.6736829088888
707,707,1691.589356237041
708,708,1692.5050295651931
709,709,1693.4207028933456
710,710,1694.3363762214974
711,711,1695.2520495496494
712,712,1696.1677228778015
713,713,1697.0833962059535
714,714,1697.9990695341055
715,715,1698.9147428622578
716,716,1699.8304161904098
717,717,1700.7460895185618
718,718,1701.6617628467138
719,719,1702.577436174866
720,720,1703.4931095030179
721,721,1704.4087828311701
722,722,1705.3244561593226
723,723,1706.2401294874744
724,724,1707.1558028156264
725,725,1708.0714761437785
726,726,1708.9871494719305
727,727,1709.9028228000825
728,728,1710.8184961282345
729,729,1711.7341694563863
730,730,1712.6498427845386
731,731,1713.5655161126908
732,732,1714.4811894408429
733,733,1715.396862768995
734,734,1716.3125360971471
735,735,1717.2282094252994
736,736,1718.1438827534512
737,737,1719.0595560816034
738,738,1719.9752294097552
739,739,1720.890902737907
740,740,1721.8065760660593
741,741,1722.7222493942115
742,742,1723.6379227223636
743,743,1724.5535960505154
744,744,1725.4692693786676
745,745,1726.38494270682
746,746,1727.3006160349719
747,747,1728.2162893631241
748,748,1729.131962691276
749,749,1730.0476360194282
750,750,1730.96330934758
751,751,1731.878982675732
752,752,1732.7946560038845
753,753,1733.7103293320365
754,754,1734.6260026601885
755,755,1735.5416759883406
756,756,1736.4573493164926
757,757,1737.3730226446444
758,758,1738.2886959727966
759,759,1739.2043693009489
760,760,1740.1200426291007
761,761,1741.0357159572527
762,762,1741.9513892854047
763,763,1742.8670626135572
764,764,1743.782735941709
765,765,1744.6984092698613
766,766,1745.6140825980133
767,767,1746.529755926165
768,768,1747.4454292543173
769,769,1748.3611025824696
770,770,1749.2767759106216
771,771,1750.1924492387734
772,772,1751.1081225669254
773,773,1752.0237958950775
774,774,1752.9394692232295
775,775,1753.8551425513815
776,776,1754.7708158795338
777,777,1755.6864892076858
778,778,1756.602162535838
779,779,1757.5178358639903
780,780,1758.433509192142
781,781,1759.3491825202939
782,782,1760.2648558484461
783,783,1761.1805291765982
784,784,1762.0962025047504
785,785,1763.0118758329024
786,786,1763.9275491610545
787,787,1764.843222489207
788,788,1765.7588958173587
789,789,1766.6745691455108
790,790,1767.5902424736628
791,791,1768.5059158018148
792,792,1769.4215891299668
793,793,1770.3372624581189
794,794,1771.2529357862707
795,795,1772.168609114423
796,796,1773.0842824425754
797,797,1773.9999557707272
798,798,1774.9156290988794
799,799,1775.8313024270315
800,800,1776.7469757551835
801,801,1777.6626490833355
802,802,1778.5783224114875
803,803,1779.4939957396396
804,804,1780.4096690677914
805,805,1781.3253423959436
806,806,1782.241015724096
807,807,1783.1566890522479
808,808,1784.0723623804001
809,809,1784.9880357085522
810,810,1785.9037090367042
811,811,1786.8193823648562
812,812,1787.735055693008
813,813,1788.6507290211605
814,814,1789.5664023493125
815,815,1790.4820756774645
816,816,1791.3977490056166
817,817,1792.3134223337686
818,818,1793.2290956619204
819,819,1794.1447689900726
820,820,1795.0604423182251
821,821,1795.976115646377
822,822,1796.8917889745292
823,823,1797.807462302681
824,824,1798.7231356308332
825,825,1799.638808958985
826,826,1800.554482287137
827,827,1801.470155615289
828,828,1802.385828943441
829,829,1803.3015022715933
830,830,1804.2171755997451
831,831,1805.1328489278976
832,832,1806.0485222560494
833,833,1806.9641955842014
834,834,1807.8798689123535
835,835,1808.7955422405055
836,836,1809.7112155686575
837,837,1810.6268888968093
838,838,1811.5425622249616
839,839,1812.458235553114
840,840,1813.3739088812658
841,841,1814.289582209418
842,842,1815.2052555375706
843,843,1816.1209288657224
844,844,1817.0366021938746
845,845,1817.9522755220264
846,846,1818.8679488501784
847,847,1819.7836221783305
848,848,1820.6992955064825
849,849,1821.6149688346345
850,850,1822.5306421627868
851,851,1823.4463154909388
852,852,1824.3619888190908
853,853,1825.277662147243
854,854,1826.1933354753949
855,855,1827.109008803547
856,856,1828.0246821316991
857,857,1828.9403554598514
858,858,1829.8560287880032
859,859,1830.7717021161554
860,860,1831.6873754443072
861,861,1832.6030487724595
862,862,1833.5187221006115
863,863,1834.434395428764
864,864,1835.3500687569158
865,865,1836.265742085068
866,866,1837.1814154132198
867,867,1838.097088741372
868,868,1839.012762069524
869,869,1839.9284353976761
870,870,1840.844108725828
871,871,1841.7597820539802
872,872,1842.675455382132
873,873,1843.591128710284
874,874,1844.5068020384365
875,875,1845.4224753665885
876,876,1846.3381486947405
877,877,1847.2538220228928
878,878,1848.1694953510446
879,879,1849.0851686791968
880,880,1850.0008420073486
881,881,1850.916515335501
882,882,1851.832188663653
883,883,1852.7478619918052
884,884,1853.663535319957
885,885,1854.5792086481088
886,886,1855.4948819762608
887,887,1856.410555304413
888,888,1857.3262286325653
889,889,1858.241901960717
890,890,1859.1575752888693
891,891,1860.0732486170211
892,892,1860.9889219451734
893,893,1861.9045952733254
894,894,1862.8202686014774
895,895,1863.7359419296295
896,896,1864.651615257782
897,897,1865.5672885859342
898,898,1866.482961914086
899,899,1867.3986352422378
900,900,1868.3143085703898
901,901,1869.2299818985418
902,902,1870.145655226694
903,903,1871.0613285548459
904,904,1871.9770018829984
905,905,1872.8926752111506
906,906,1873.8083485393024
907,907,1874.724021867455
908,908,1875.6396951956067
909,909,1876.555368523759
910,910,1877.4710418519107
911,911,1878.3867151800628
912,912,1879.3023885082148
913,913,1880.2180618363668
914,914,1881.1337351645188
915,915,1882.0494084926709
916,916,1882.9650818208233
917,917,1883.8807551489756
918,918,1884.7964284771274
919,919,1885.7121018052796
920,920,1886.6277751334314
921,921,1887.5434484615835
922,922,1888.4591217897355
923,923,1889.3747951178875
924,924,1890.2904684460395
925,925,1891.2061417741918
926,926,1892.121815102344
927,927,1893.0374884304958
928,928,1893.953161758648
929,929,1894.8688350868
930,930,1895.7845084149521
931,931,1896.700181743104
932,932,1897.6158550712562
933,933,1898.531528399408
934,934,1899.44720172756
935,935,1900.3628750557125
936,936,1901.2785483838645
937,937,1902.1942217120165
938,938,1903.1098950401688
939,939,1904.0255683683206
940,940,1904.9412416964728
941,941,1905.8569150246246
942,942,1906.7725883527771
943,943,1907.688261680929
944,944,1908.6039350090812
945,945,1909.519608337233
946,946,1910.4352816653852
947,947,1911.3509549935368
948,948,1912.266628321689
949,949,1913.1823016498413
950,950,1914.097974977993
951,951,1915.0136483061456
952,952,1915.9293216342976
953,953,1916.8449949624496
954,954,1917.7606682906014
955,955,1918.6763416187534
956,956,1919.5920149469055
957,957,1920.5076882750573
958,958,1921.4233616032102
959,959,1922.339034931362
960,960,1923.2547082595138
961,961,1924.1703815876667
962,962,1925.0860549158185
963,963,1926.0017282439705
964,964,1926.9174015721226
965,965,1927.8330749002744
966,966,1928.7487482284266
967,967,1929.6644215565784
968,968,1930.5800948847304
969,969,1931.4957682128827
970,970,1932.411441541035
971,971,1933.3271148691867
972,972,1934.2427881973388
973,973,1935.158461525491
974,974,1936.0741348536428
975,975,1936.989808181795
976,976,1937.9054815099469
977,977,1938.8211548380993
978,978,1939.7368281662511
979,979,1940.6525014944034
980,980,1941.5681748225556
981,981,1942.4838481507074
982,982,1943.3995214788595
983,983,1944.315194807012
984,984,1945.230868135164
985,985,1946.146541463316
986,986,1947.0622147914678
987,987,1947.97788811962
988,988,1948.8935614477718
989,989,1949.809234775924
990,990,1950.724908104076
991,991,1951.6405814322281
992,992,1952.55625476038
993,993,1953.4719280885324
994,994,1954.3876014166847
995,995,1955.3032747448365
996,996,1956.2189480729885
997,997,1957.1346214011405
998,998,1958.0502947292925
999,999,1958.9659680574448
1000,1000,1959.8816413855966
1001,1001,1960.7973147137488
1002,1002,1961.7129880419006
1003,1003,1962.6286613700531
1004,1004,1963.5443346982047
1005,1005,1964.4600080263567
1006,1006,1965.3756813545087
1007,1007,1966.2913546826608
1008,1008,1967.2070280108128
1009,1009,1968.122701338965
1010,1010,1969.0383746671173
1011,1011,1969.954047995269
1012,1012,1970.8697213234216
1013,1013,1971.7853946515736
1014,1014,1972.7010679797256
1015,1015,1973.6167413078774
1016,1016,1974.53241463603
1017,1017,1975.4480879641822
1018,1018,1976.363761292334
1019,1019,1977.2794346204862
1020,1020,1978.195107948638
1021,1021,1979.1107812767898
1022,1022,1980.026454604942
1023,1023,1980.9421279330945
1024,1024,1981.8578012612465
1025,1025,1982.7734745893986
1026,1026,1983.6891479175504
1027,1027,1984.6048212457026
1028,1028,1985.5204945738544
1029,1029,1986.436167902007
1030,1030,1987.3518412301587
1031,1031,1988.267514558311
1032,1032,1989.1831878864627
1033,1033,1990.0988612146148
1034,1034,1991.014534542767
1035,1035,1991.9302078709188
1036,1036,1992.845881199071
1037,1037,1993.7615545272236
1038,1038,1994.6772278553753
1039,1039,1995.5929011835276
1040,1040,1996.5085745116794
1041,1041,1997.4242478398317
1042,1042,1998.3399211679834
1043,1043,1999.2555944961355
1044,1044,2000.1712678242875
1045,1045,2001.08694115244
1046,1046,2002.002614480592
1047,1047,2002.9182878087438
1048,1048,2003.833961136896
1049,1049,2004.7496344650478
1050,1050,2005.6653077932
1051,1051,2006.580981121352
1052,1052,2007.4966544495041
1053,1053,2008.412327777656
1054,1054,2009.3280011058082
1055,1055,2010.24367443396
1056,1056,2011.1593477621125
1057,1057,2012.0750210902645
1058,1058,2012.9906944184168
1059,1059,2013.9063677465685
1060,1060,2014.8220410747208
1061,1061,2015.7377144028726
1062,1062,2016.6533877310248
1063,1063,2017.5690610591766
1064,1064,2018.4847343873291
1065,1065,2019.400407715481
1066,1066,2020.3160810436327
1067,1067,2021.2317543717847
1068,1068,2022.1474276999368
1069,1069,2023.0631010280892
1070,1070,2023.978774356241
1071,1071,2024.8944476843933
1072,1072,2025.8101210125456
1073,1073,2026.7257943406976
1074,1074,2027.6414676688496
1075,1075,2028.5571409970016
1076,1076,2029.4728143251534
1077,1077,2030.388487653306
1078,1078,2031.3041609814582
1079,1079,2032.2198343096102
1080,1080,2033.1355076377624
1081,1081,2034.0511809659147
1082,1082,2034.9668542940665
1083,1083,2035.8825276222187
1084,1084,2036.7982009503705
1085,1085,2037.7138742785226
1086,1086,2038.6295476066746
1087,1087,2039.5452209348264
1088,1088,2040.4608942629786
1089,1089,2041.3765675911307
1090,1090,2042.292240919283
1091,1091,2043.207914247435
1092,1092,2044.123587575587
1093,1093,2045.039260903739
1094,1094,2045.9549342318908
1095,1095,2046.870607560043
1096,1096,2047.7862808881948
1097,1097,2048.701954216347
1098,1098,2049.617627544499
1099,1099,2050.533300872651
1100,1100,2051.448974200804
1101,1101,2052.364647528955
1102,1102,2053.2803208571077
1103,1103,2054.19599418526
1104,1104,2055.1116675134117
1105,1105,2056.027340841564
1106,1106,2056.9430141697158
1107,1107,2057.8586874978682
1108,1108,2058.77436082602
1109,1109,2059.6900341541723
1110,1110,2060.605707482324
1111,1111,2061.5213808104763
1112,1112,2062.437054138628
1113,1113,2063.3527274667804
1114,1114,2064.2684007949324
1115,1115,2065.1840741230844
1116,1116,2066.0997474512365
1117,1117,2067.0154207793885
1118,1118,2067.9310941075405
1119,1119,2068.8467674356925
1120,1120,2069.762440763845
1121,1121,2070.6781140919966
1122,1122,2071.593787420149
1123,1123,2072.5094607483006
1124,1124,2073.425134076453
1125,1125,2074.340807404605
1126,1126,2075.256480732757
1127,1127,2076.172154060909
1128,1128,2077.0878273890607
1129,1129,2078.003500717213
1130,1130,2078.9191740453653
1131,1131,2079.8348473735173
1132,1132,2080.7505207016693
1133,1133,2081.6661940298222
1134,1134,2082.5818673579734
1135,1135,2083.4975406861263
1136,1136,2084.413214014278
1137,1137,2085.3288873424303
1138,1138,2086.244560670582
1139,1139,2087.160233998734
1140,1140,2088.075907326886
1141,1141,2088.991580655038
1142,1142,2089.9072539831905
1143,1143,2090.822927311342
1144,1144,2091.7386006394945
1145,1145,2092.654273967646
1146,1146,2093.5699472957986
1147,1147,2094.4856206239506
1148,1148,2095.401293952102
1149,1149,2096.3169672802546
1150,1150,2097.2326406084067
1151,1151,2098.1483139365587
1152,1152,2099.0639872647107
1153,1153,2099.9796605928627
1154,1154,2100.8953339210148
1155,1155,2101.8110072491672
1156,1156,2102.7266805773193
1157,1157,2103.6423539054713
1158,1158,2104.5580272336233
1159,1159,2105.4737005617753
1160,1160,2106.3893738899274
1161,1161,2107.3050472180794
1162,1162,2108.2207205462314
1163,1163,2109.1363938743834
1164,1164,2110.052067202536
1165,1165,2110.9677405306875
1166,1166,2111.8834138588395
1167,1167,2112.7990871869915
1168,1168,2113.714760515144
1169,1169,2114.630433843296
1170,1170,2115.546107171448
1171,1171,2116.4617804996
1172,1172,2117.377453827752
1173,1173,2118.293127155905
1174,1174,2119.208800484056
1175,1175,2120.124473812209
1176,1176,2121.04014714036
1177,1177,2121.9558204685127
1178,1178,2122.8714937966643
1179,1179,2123.7871671248167
1180,1180,2124.7028404529688
1181,1181,2125.618513781121
1182,1182,2126.5341871092733
1183,1183,2127.449860437425
1184,1184,2128.3655337655773
1185,1185,2129.281207093729
1186,1186,2130.196880421881
1187,1187,2131.112553750033
1188,1188,2132.028227078185
1189,1189,2132.943900406337
1190,1190,2133.859573734489
1191,1191,2134.7752470626415
1192,1192,2135.690920390793
1193,1193,2136.6065937189455
1194,1194,2137.5222670470976
1195,1195,2138.43794037525
1196,1196,2139.3536137034016
1197,1197,2140.269287031554
1198,1198,2141.1849603597057
1199,1199,2142.100633687858
1200,1200,2143.0163070160097
1201,1201,2143.931980344162
1202,1202,2144.847653672314
1203,1203,2145.7633270004667
1204,1204,2146.6790003286183
1205,1205,2147.5946736567707
1206,1206,2148.5103469849228
1207,1207,2149.426020313075
1208,1208,2150.3416936412273
1209,1209,2151.2573669693784
1210,1210,2152.1730402975313
1211,1211,2153.088713625683
1212,1212,2154.0043869538354
1213,1213,2154.920060281987
1214,1214,2155.835733610139
1215,1215,2156.751406938291
1216,1216,2157.667080266443
1217,1217,2158.5827535945955
1218,1218,2159.498426922747
1219,1219,2160.4141002508995
1220,1220,2161.329773579051
1221,1221,2162.245446907204
1222,1222,2163.161120235356
1223,1223,2164.076793563508
1224,1224,2164.9924668916597
1225,1225,2165.908140219812
1226,1226,2166.8238135479637
1227,1227,2167.739486876116
1228,1228,2168.6551602042678
1229,1229,2169.5708335324202
1230,1230,2170.4865068605727
1231,1231,2171.4021801887243
1232,1232,2172.3178535168763
1233,1233,2173.2335268450283
1234,1234,2174.1492001731804
1235,1235,2175.0648735013324
1236,1236,2175.9805468294844
1237,1237,2176.8962201576364
1238,1238,2177.8118934857885
1239,1239,2178.727566813941
1240,1240,2179.6432401420925
1241,1241,2180.558913470245
1242,1242,2181.4745867983966
1243,1243,2182.390260126549
1244,1244,2183.305933454701
1245,1245,2184.221606782853
1246,1246,2185.137280111005
1247,1247,2186.052953439157
1248,1248,2186.968626767309
1249,1249,2187.884300095461
1250,1250,2188.7999734236137
1251,1251,2189.715646751765
1252,1252,2190.6313200799177
1253,1253,2191.5469934080693
1254,1254,2192.4626667362218
1255,1255,2193.3783400643742
1256,1256,2194.294013392526
1257,1257,2195.2096867206783
1258,1258,2196.12536004883
1259,1259,2197.0410333769823
1260,1260,2197.956706705134
1261,1261,2198.8723800332864
1262,1262,2199.788053361438
1263,1263,2200.7037266895904
1264,1264,2201.619400017742
1265,1265,2202.5350733458945
1266,1266,2203.4507466740465
1267,1267,2204.3664200021985
1268,1268,2205.2820933303506
1269,1269,2206.1977666585026
1270,1270,2207.113439986654
1271,1271,2208.0291133148066
1272,1272,2208.944786642959
1273,1273,2209.8604599711107
1274,1274,2210.776133299263
1275,1275,2211.6918066274147
1276,1276,2212.607479955567
1277,1277,2213.5231532837192
1278,1278,2214.4388266118717
1279,1279,2215.3544999400233
1280,1280,2216.2701732681753
1281,1281,2217.1858465963273
1282,1282,2218.1015199244794
1283,1283,2219.0171932526323
1284,1284,2219.9328665807834
1285,1285,2220.848539908936
1286,1286,2221.7642132370875
1287,1287,2222.67988656524
1288,1288,2223.595559893392
1289,1289,2224.511233221544
1290,1290,2225.426906549696
1291,1291,2226.342579877848
1292,1292,2227.258253206
1293,1293,2228.173926534152
1294,1294,2229.0895998623046
1295,1295,2230.005273190456
1296,1296,2230.9209465186086
1297,1297,2231.83661984676
1298,1298,2232.7522931749127
1299,1299,2233.6679665030647
1300,1300,2234.5836398312167
1301,1301,2235.4993131593687
1302,1302,2236.4149864875208
1303,1303,2237.330659815673
1304,1304,2238.2463331438253
1305,1305,2239.1620064719773
1306,1306,2240.077679800129
1307,1307,2240.9933531282813
1308,1308,2241.909026456433
1309,1309,2242.8246997845854
1310,1310,2243.740373112737
1311,1311,2244.6560464408894
1312,1312,2245.571719769041
1313,1313,2246.4873930971935
1314,1314,2247.403066425346
1315,1315,2248.3187397534975
1316,1316,2249.23441308165
1317,1317,2250.1500864098016
1318,1318,2251.065759737954
1319,1319,2251.9814330661056
1320,1320,2252.897106394258
1321,1321,2253.81277972241
1322,1322,2254.728453050562
1323,1323,2255.644126378714
1324,1324,2256.559799706866
1325,1325,2257.4754730350187
1326,1326,2258.3911463631703
1327,1327,2259.3068196913227
1328,1328,2260.2224930194743
1329,1329,2261.138166347627
1330,1330,2262.0538396757784
1331,1331,2262.969513003931
1332,1332,2263.8851863320833
1333,1333,2264.800859660235
1334,1334,2265.7165329883874
1335,1335,2266.632206316539
1336,1336,2267.5478796446914
1337,1337,2268.463552972843
1338,1338,2269.3792263009955
1339,1339,2270.294899629147
1340,1340,2271.2105729572995
1341,1341,2272.1262462854515
1342,1342,2273.041919613604
1343,1343,2273.957592941756
1344,1344,2274.873266269908
1345,1345,2275.78893959806
1346,1346,2276.7046129262117
1347,1347,2277.620286254364
1348,1348,2278.5359595825157
1349,1349,2279.451632910668
1350,1350,2280.3673062388198
1351,1351,2281.2829795669722
1352,1352,2282.1986528951247
1353,1353,2283.1143262232763
1354,1354,2284.0299995514283
1355,1355,2284.9456728795803
1356,1356,2285.8613462077324
1357,1357,2286.7770195358844
1358,1358,2287.692692864037
1359,1359,2288.6083661921884
1360,1360,2289.524039520341
1361,1361,2290.4397128484925
1362,1362,2291.355386176645
1363,1363,2292.271059504797
1364,1364,2293.186732832949
1365,1365,2294.102406161101
1366,1366,2295.018079489253
1367,1367,2295.933752817405
1368,1368,2296.849426145557
1369,1369,2297.7650994737096
1370,1370,2298.680772801861
1371,1371,2299.5964461300136
1372,1372,2300.5121194581648
1373,1373,2301.4277927863172
1374,1374,2302.3434661144697
1375,1375,2303.2591394426213
1376,1376,2304.1748127707738
1377,1377,2305.0904860989262
1378,1378,2306.006159427078
1379,1379,2306.9218327552303
1380,1380,2307.837506083383
1381,1381,2308.753179411534
1382,1382,2309.6688527396864
1383,1383,2310.584526067838
1384,1384,2311.5001993959904
1385,1385,2312.4158727241424
1386,1386,2313.3315460522945
1387,1387,2314.2472193804465
1388,1388,2315.1628927085985
1389,1389,2316.0785660367505
1390,1390,2316.9942393649026
1391,1391,2317.909912693055
1392,1392,2318.825586021206
1393,1393,2319.741259349359
1394,1394,2320.656932677511
1395,1395,2321.572606005663
1396,1396,2322.488279333815
1397,1397,2323.4039526619667
1398,1398,2324.319625990119
1399,1399,2325.235299318271
1400,1400,2326.1509726464237
1401,1401,2327.0666459745753
1402,1402,2327.982319302728
1403,1403,2328.8979926308793
1404,1404,2329.813665959032
1405,1405,2330.7293392871834
1406,1406,2331.645012615336
1407,1407,2332.560685943488
1408,1408,2333.47635927164
1409,1409,2334.392032599792
1410,1410,2335.307705927944
1411,1411,2336.223379256096
1412,1412,2337.139052584248
1413,1413,2338.0547259124005
1414,1414,2338.970399240552
1415,1415,2339.8860725687045
1416,1416,2340.801745896856
1417,1417,2341.717419225009
1418,1418,2342.633092553161
1419,1419,2343.5487658813126
1420,1420,2344.464439209465
1421,1421,2345.3801125376167
1422,1422,2346.295785865769
1423,1423,2347.2114591939207
1424,1424,2348.127132522073
1425,1425,2349.042805850225
1426,1426,2349.9584791783773
1427,1427,2350.874152506529
1428,1428,2351.789825834681
1429,1429,2352.705499162833
1430,1430,2353.621172490985
1431,1431,2354.536845819137
1432,1432,2355.452519147289
1433,1433,2356.368192475441
1434,1434,2357.283865803593
1435,1435,2358.199539131746
1436,1436,2359.115212459897
1437,1437,2360.03088578805
1438,1438,2360.9465591162016
1439,1439,2361.862232444354
1440,1440,2362.777905772506
1441,1441,2363.693579100658
1442,1442,2364.60925242881
1443,1443,2365.524925756962
1444,1444,2366.4405990851146
1445,1445,2367.356272413266
1446,1446,2368.271945741419
1447,1447,2369.1876190695707
1448,1448,2370.103292397723
1449,1449,2371.0189657258748
1450,1450,2371.9346390540272
1451,1451,2372.850312382179
1452,1452,2373.7659857103313
1453,1453,2374.681659038483
1454,1454,2375.5973323666353
1455,1455,2376.513005694788
1456,1456,2377.428679022939
1457,1457,2378.3443523510914
1458,1458,2379.260025679243
1459,1459,2380.1756990073955
1460,1460,2381.091372335547
1461,1461,2382.0070456636995
1462,1462,2382.9227189918515
1463,1463,2383.8383923200035
1464,1464,2384.754065648156
1465,1465,2385.669738976308
1466,1466,2386.58541230446
1467,1467,2387.501085632612
1468,1468,2388.4167589607637
1469,1469,2389.332432288916
1470,1470,2390.2481056170677
1471,1471,2391.16377894522
1472,1472,2392.0794522733718
1473,1473,2392.9951256015243
1474,1474,2393.9107989296767
1475,1475,2394.8264722578283
1476,1476,2395.7421455859803
1477,1477,2396.657818914133
1478,1478,2397.5734922422844
1479,1479,2398.489165570437
1480,1480,2399.4048388985884
1481,1481,2400.320512226741
1482,1482,2401.236185554893
1483,1483,2402.151858883045
1484,1484,2403.067532211197
1485,1485,2403.983205539349
1486,1486,2404.898878867501
1487,1487,2405.814552195653
1488,1488,2406.730225523805
1489,1489,2407.645898851957
1490,1490,2408.5615721801096
1491,1491,2409.477245508261
1492,1492,2410.3929188364136
1493,1493,2411.3085921645657
1494,1494,2412.2242654927177
1495,1495,2413.1399388208692
1496,1496,2414.0556121490217
1497,1497,2414.9712854771733
1498,1498,2415.886958805326
1499,1499,2416.8026321334783
1500,1500,2417.71830546163
1501,1501,2418.6339787897823
1502,1502,2419.549652117934
1503,1503,2420.4653254460864
1504,1504,2421.3809987742384
1505,1505,2422.2966721023904
1506,1506,2423.2123454305424
1507,1507,2424.1280187586945
1508,1508,2425.0436920868465
1509,1509,2425.9593654149985
1510,1510,2426.875038743151
1511,1511,2427.7907120713026
1512,1512,2428.706385399455
1513,1513,2429.6220587276066
1514,1514,2430.537732055759
1515,1515,2431.453405383911
1516,1516,2432.369078712063
1517,1517,2433.284752040215
1518,1518,2434.200425368367
1519,1519,2435.1160986965187
1520,1520,2436.031772024671
1521,1521,2436.947445352824
1522,1522,2437.8631186809757
1523,1523,2438.778792009128
1524,1524,2439.6944653372793
1525,1525,2440.6101386654323
1526,1526,2441.525811993584
1527,1527,2442.4414853217363
1528,1528,2443.357158649888
1529,1529,2444.27283197804
1530,1530,2445.188505306192
1531,1531,2446.104178634344
1532,1532,2447.0198519624964
1533,1533,2447.935525290648
1534,1534,2448.8511986188005
1535,1535,2449.766871946952
1536,1536,2450.6825452751045
1537,1537,2451.598218603257
1538,1538,2452.513891931409
1539,1539,2453.429565259561
1540,1540,2454.345238587713
1541,1541,2455.2609119158647
1542,1542,2456.176585244017
1543,1543,2457.0922585721687
1544,1544,2458.007931900321
1545,1545,2458.9236052284728
1546,1546,2459.8392785566252
1547,1547,2460.754951884777
1548,1548,2461.6706252129293
1549,1549,2462.586298541081
1550,1550,2463.501971869233
1551,1551,2464.417645197385
1552,1552,2465.333318525537
1553,1553,2466.248991853689
1554,1554,2467.164665181842
1555,1555,2468.080338509993
1556,1556,2468.996011838146
1557,1557,2469.911685166297
1558,1558,2470.82735849445
1559,1559,2471.743031822602
1560,1560,2472.658705150754
1561,1561,2473.574378478906
1562,1562,2474.490051807058
1563,1563,2475.40572513521
1564,1564,2476.321398463362
1565,1565,2477.2370717915146
1566,1566,2478.152745119666
1567,1567,2479.068418447819
1568,1568,2479.9840917759707
1569,1569,2480.8997651041227
1570,1570,2481.815438432275
1571,1571,2482.7311117604268
1572,1572,2483.6467850885792
1573,1573,2484.562458416731
1574,1574,2485.4781317448833
1575,1575,2486.393805073035
1576,1576,2487.3094784011873
1577,1577,2488.225151729339
1578,1578,2489.1408250574914
1579,1579,2490.056498385643
1580,1580,2490.9721717137954
1581,1581,2491.8878450419475
1582,1582,2492.8035183700995
1583,1583,2493.7191916982515
1584,1584,2494.6348650264035
1585,1585,2495.550538354556
1586,1586,2496.466211682708
1587,1587,2497.3818850108605
1588,1588,2498.297558339012
1589,1589,2499.213231667164
1590,1590,2500.1289049953157
1591,1591,2501.044578323468
1592,1592,2501.9602516516197
1593,1593,2502.875924979772
1594,1594,2503.791598307924
1595,1595,2504.7072716360763
1596,1596,2505.622944964229
1597,1597,2506.5386182923803
1598,1598,2507.4542916205332
1599,1599,2508.3699649486844
1600,1600,2509.285638276837
1601,1601,2510.2013116049884
1602,1602,2511.116984933141
1603,1603,2512.032658261293
1604,1604,2512.948331589445
1605,1605,2513.864004917597
1606,1606,2514.779678245749
1607,1607,2515.695351573901
1608,1608,2516.611024902053
1609,1609,2517.526698230205
1610,1610,2518.442371558357
1611,1611,2519.3580448865096
1612,1612,2520.2737182146616
1613,1613,2521.1893915428136
1614,1614,2522.1050648709656
1615,1615,2523.0207381991177
1616,1616,2523.9364115272697
1617,1617,2524.8520848554213
1618,1618,2525.7677581835737
1619,1619,2526.6834315117253
1620,1620,2527.5991048398787
1621,1621,2528.5147781680303
1622,1622,2529.4304514961827
1623,1623,2530.3461248243343
1624,1624,2531.261798152487
1625,1625,2532.1774714806384
1626,1626,2533.0931448087904
1627,1627,2534.0088181369424
1628,1628,2534.9244914650944
1629,1629,2535.840164793247
1630,1630,2536.7558381213985
1631,1631,2537.671511449551
1632,1632,2538.5871847777025
1633,1633,2539.502858105855
1634,1634,2540.418531434007
1635,1635,2541.334204762159
1636,1636,2542.249878090311
1637,1637,2543.165551418463
1638,1638,2544.081224746615
1639,1639,2544.996898074767
1640,1640,2545.91257140292
1641,1641,2546.8282447310708
1642,1642,2547.743918059224
1643,1643,2548.6595913873757
1644,1644,2549.5752647155277
1645,1645,2550.49093804368
1646,1646,2551.406611371832
1647,1647,2552.3222846999843
1648,1648,2553.237958028136
1649,1649,2554.1536313562883
1650,1650,2555.06930468444
1651,1651,2555.9849780125924
1652,1652,2556.900651340744
1653,1653,2557.8163246688964
1654,1654,2558.731997997048
1655,1655,2559.6476713252005
1656,1656,2560.5633446533525
1657,1657,2561.4790179815045
1658,1658,2562.3946913096565
1659,1659,2563.310364637809
1660,1660,2564.226037965961
1661,1661,2565.141711294113
1662,1662,2566.057384622265
1663,1663,2566.9730579504167
1664,1664,2567.888731278569
1665,1665,2568.8044046067207
1666,1666,2569.720077934873
1667,1667,2570.6357512630248
1668,1668,2571.5514245911772
1669,1669,2572.467097919329
1670,1670,2573.3827712474813
1671,1671,2574.298444575633
1672,1672,2575.214117903785
1673,1673,2576.129791231938
1674,1674,2577.045464560089
1675,1675,2577.961137888242
1676,1676,2578.876811216393
1677,1677,2579.792484544546
1678,1678,2580.708157872698
1679,1679,2581.62383120085
1680,1680,2582.539504529002
1681,1681,2583.455177857154
1682,1682,2584.370851185306
1683,1683,2585.286524513458
1684,1684,2586.2021978416105
1685,1685,2587.117871169762
1686,1686,2588.0335444979146
1687,1687,2588.949217826066
1688,1688,2589.8648911542186
1689,1689,2590.780564482371
1690,1690,2591.696237810523
1691,1691,2592.6119111386747
1692,1692,2593.527584466827
1693,1693,2594.4432577949788
1694,1694,2595.3589311231312
1695,1695,2596.2746044512837
1696,1696,2597.1902777794353
1697,1697,2598.1059511075878
1698,1698,2599.0216244357393
1699,1699,2599.937297763892
1700,1700,2600.8529710920434
1701,1701,2601.7686444201954
1702,1702,2602.6843177483474
1703,1703,2603.5999910764995
1704,1704,2604.515664404652
1705,1705,2605.4313377328035
1706,1706,2606.347011060956
1707,1707,2607.262684389108
1708,1708,2608.17835771726
1709,1709,2609.094031045412
1710,1710,2610.009704373564
1711,1711,2610.925377701716
1712,1712,2611.8410510298677
1713,1713,2612.75672435802
1714,1714,2613.6723976861717
1715,1715,2614.588071014325
1716,1716,2615.503744342476
1717,1717,2616.419417670629
1718,1718,2617.3350909987807
1719,1719,2618.2507643269328
1720,1720,2619.1664376550843
1721,1721,2620.082110983237
1722,1722,2620.997784311389
1723,1723,2621.913457639541
1724,1724,2622.829130967693
1725,1725,2623.744804295845
1726,1726,2624.660477623997
1727,1727,2625.576150952149
1728,1728,2626.491824280301
1729,1729,2627.407497608453
1730,1730,2628.323170936605
1731,1731,2629.238844264757
1732,1732,2630.154517592909
1733,1733,2631.0701909210616
1734,1734,2631.9858642492136
1735,1735,2632.9015375773656
1736,1736,2633.8172109055176
1737,1737,2634.73288423367
1738,1738,2635.6485575618217
1739,1739,2636.564230889974
1740,1740,2637.4799042181257
1741,1741,2638.395577546278
1742,1742,2639.3112508744307
1743,1743,2640.2269242025823
1744,1744,2641.1425975307347
1745,1745,2642.0582708588863
1746,1746,2642.973944187039
1747,1747,2643.8896175151904
1748,1748,2644.805290843343
1749,1749,2645.7209641714944
1750,1750,2646.636637499647
1751,1751,2647.5523108277985
1752,1752,2648.467984155951
1753,1753,2649.383657484103
1754,1754,2650.299330812255
1755,1755,2651.215004140407
1756,1756,2652.130677468559
1757,1757,2653.046350796711
1758,1758,2653.962024124863
1759,1759,2654.877697453016
1760,1760,2655.793370781167
1761,1761,2656.70904410932
1762,1762,2657.624717437471
1763,1763,2658.540390765624
1764,1764,2659.456064093776
1765,1765,2660.371737421928
1766,1766,2661.2874107500797
1767,1767,2662.203084078232
1768,1768,2663.118757406384
1769,1769,2664.0344307345363
1770,1770,2664.9501040626888
1771,1771,2665.86577739084
1772,1772,2666.781450718993
1773,1773,2667.697124047144
1774,1774,2668.612797375297
1775,1775,2669.5284707034484
1776,1776,2670.4441440316004
1777,1777,2671.3598173597525
1778,1778,2672.2754906879045
1779,1779,2673.1911640160565
1780,1780,2674.1068373442085
1781,1781,2675.022510672361
1782,1782,2675.938184000513
1783,1783,2676.853857328665
1784,1784,2677.769530656817
1785,1785,2678.6852039849687
1786,1786,2679.600877313121
1787,1787,2680.5165506412727
1788,1788,2681.432223969425
1789,1789,2682.3478972975768
1790,1790,2683.2635706257292
1791,1791,2684.179243953881
1792,1792,2685.0949172820333
1793,1793,2686.010590610185
1794,1794,2686.926263938338
1795,1795,2687.841937266489
1796,1796,2688.757610594642
1797,1797,2689.673283922794
1798,1798,2690.588957250946
1799,1799,2691.504630579098
1800,1800,2692.42030390725
1801,1801,2693.335977235402
1802,1802,2694.251650563554
1803,1803,2695.1673238917065
1804,1804,2696.082997219858
1805,1805,2696.9986705480105
1806,1806,2697.914343876162
1807,1807,2698.8300172043146
1808,1808,2699.7456905324666
1809,1809,2700.6613638606186
1810,1810,2701.5770371887706
1811,1811,2702.492710516923
1812,1812,2703.408383845075
1813,1813,2704.3240571732267
1814,1814,2705.239730501379
1815,1815,2706.1554038295308
1816,1816,2707.0710771576832
1817,1817,2707.986750485835
1818,1818,2708.9024238139873
1819,1819,2709.81809714214
1820,1820,2710.7337704702913
1821,1821,2711.649443798444
1822,1822,2712.5651171265954
1823,1823,2713.4807904547474
1824,1824,2714.3964637828994
1825,1825,2715.312137111052
1826,1826,2716.2278104392035
1827,1827,2717.143483767356
1828,1828,2718.0591570955075
1829,1829,2718.9748304236605
1830,1830,2719.890503751812
1831,1831,2720.806177079964
1832,1832,2721.721850408116
1833,1833,2722.637523736268
1834,1834,2723.553197064421
1835,1835,2724.468870392572
1836,1836,2725.384543720725
1837,1837,2726.300217048876
1838,1838,2727.215890377029
1839,1839,2728.1315637051803
1840,1840,2729.047237033333
1841,1841,2729.962910361485
1842,1842,2730.8785836896373
1843,1843,2731.794257017789
1844,1844,2732.709930345941
1845,1845,2733.625603674093
1846,1846,2734.541277002245
1847,1847,2735.456950330397
1848,1848,2736.372623658549
1849,1849,2737.288296986701
1850,1850,2738.203970314853
1851,1851,2739.119643643005
1852,1852,2740.035316971157
1853,1853,2740.950990299309
1854,1854,2741.866663627461
1855,1855,2742.7823369556136
1856,1856,2743.698010283766
1857,1857,2744.6136836119176
1858,1858,2745.52935694007
1859,1859,2746.445030268221
1860,1860,2747.3607035963737
1861,1861,2748.2763769245253
1862,1862,2749.192050252678
1863,1863,2750.10772358083
1864,1864,2751.0233969089827
1865,1865,2751.9390702371343
1866,1866,2752.8547435652863
1867,1867,2753.770416893439
1868,1868,2754.686090221591
1869,1869,2755.601763549743
1870,1870,2756.5174368778944
1871,1871,2757.433110206047
1872,1872,2758.3487835341994
1873,1873,2759.264456862351
1874,1874,2760.180130190503
1875,1875,2761.095803518655
1876,1876,2762.0114768468075
1877,1877,2762.927150174959
1878,1878,2763.8428235031115
1879,1879,2764.7584968312626
1880,1880,2765.674170159416
1881,1881,2766.589843487567
1882,1882,2767.50551681572
1883,1883,2768.421190143872
1884,1884,2769.336863472024
1885,1885,2770.2525368001757
1886,1886,2771.168210128328
1887,1887,2772.08388345648
1888,1888,2772.9995567846317
1889,1889,2773.915230112784
1890,1890,2774.8309034409363
1891,1891,2775.7465767690887
1892,1892,2776.66225009724
1893,1893,2777.5779234253923
1894,1894,2778.4935967535444
1895,1895,2779.409270081697
1896,1896,2780.324943409849
1897,1897,2781.2406167380004
1898,1898,2782.1562900661525
1899,1899,2783.071963394304
1900,1900,2783.9876367224574
1901,1901,2784.9033100506085
1902,1902,2785.818983378761
1903,1903,2786.734656706913
1904,1904,2787.6503300350646
1905,1905,2788.566003363217
1906,1906,2789.481676691369
1907,1907,2790.3973500195207
1908,1908,2791.3130233476727
1909,1909,2792.228696675825
1910,1910,2793.144370003977
1911,1911,2794.0600433321297
1912,1912,2794.975716660281
1913,1913,2795.8913899884333
1914,1914,2796.8070633165853
1915,1915,2797.7227366447382
1916,1916,2798.63840997289
1917,1917,2799.554083301042
1918,1918,2800.469756629194
1919,1919,2801.3854299573463
1920,1920,2802.301103285498
1921,1921,2803.21677661365
1922,1922,2804.1324499418024
1923,1923,2805.0481232699544
1924,1924,2805.963796598107
1925,1925,2806.879469926258
1926,1926,2807.7951432544105
1927,1927,2808.710816582562
1928,1928,2809.6264899107146
1929,1929,2810.5421632388666
1930,1930,2811.4578365670186
1931,1931,2812.37350989517
1932,1932,2813.2891832233227
1933,1933,2814.204856551475
1934,1934,2815.120529879627
1935,1935,2816.0362032077787
1936,1936,2816.9518765359308
1937,1937,2817.8675498640832
1938,1938,2818.7832231922357
1939,1939,2819.6988965203877
1940,1940,2820.6145698485393
1941,1941,2821.5302431766913
1942,1942,2822.445916504844
1943,1943,2823.361589832996
1944,1944,2824.277263161148
1945,1945,2825.1929364892994
1946,1946,2826.108609817452
1947,1947,2827.0242831456035
1948,1948,2827.939956473756
1949,1949,2828.855629801908
1950,1950,2829.7713031300605
1951,1951,2830.6869764582125
1952,1952,2831.602649786364
1953,1953,2832.518323114516
1954,1954,2833.4339964426676
1955,1955,2834.349669770821
1956,1956,2835.265343098972
1957,1957,2836.181016427125
1958,1958,2837.0966897552757
1959,1959,2838.012363083429
1960,1960,2838.9280364115807
1961,1961,2839.843709739733
1962,1962,2840.759383067885
1963,1963,2841.675056396037
1964,1964,2842.590729724189
1965,1965,2843.506403052341
1966,1966,2844.4220763804933
1967,1967,2845.337749708645
1968,1968,2846.253423036797
1969,1969,2847.169096364949
1970,1970,2848.0847696931014
1971,1971,2849.000443021253
1972,1972,2849.916116349405
1973,1973,2850.8317896775566
1974,1974,2851.747463005709
1975,1975,2852.6631363338624
1976,1976,2853.5788096620136
1977,1977,2854.494482990166
1978,1978,2855.410156318317
1979,1979,2856.3258296464696
1980,1980,2857.2415029746217
1981,1981,2858.157176302774
1982,1982,2859.0728496309257
1983,1983,2859.9885229590777
1984,1984,2860.90419628723
1985,1985,2861.8198696153827
1986,1986,2862.735542943535
1987,1987,2863.6512162716863
1988,1988,2864.5668895998388
1989,1989,2865.482562927991
1990,1990,2866.3982362561433
1991,1991,2867.3139095842944
1992,1992,2868.229582912447
1993,1993,2869.145256240599
1994,1994,2870.0609295687514
1995,1995,2870.976602896903
1996,1996,2871.892276225055
1997,1997,2872.8079495532074
1998,1998,2873.7236228813595
1999,1999,2874.639296209512
2000,2000,2875.554969537663
2001,2001,2876.4706428658155
2002,2002,2877.386316193968
2003,2003,2878.3019895221196
2004,2004,2879.217662850272
2005,2005,2880.133336178424
2006,2006,2881.049009506576
2007,2007,2881.9646828347277
2008,2008,2882.88035616288
2009,2009,2883.796029491032
2010,2010,2884.7117028191838
2011,2011,2885.627376147336
2012,2012,2886.5430494754883
2013,2013,2887.4587228036407
2014,2014,2888.3743961317928
2015,2015,2889.2900694599443
2016,2016,2890.2057427880964
2017,2017,2891.121416116249
2018,2018,2892.0370894444004
2019,2019,2892.952762772553
2020,2020,2893.8684361007045
2021,2021,2894.784109428857
2022,2022,2895.6997827570085
2023,2023,2896.615456085161
2024,2024,2897.531129413313
2025,2025,2898.446802741465
2026,2026,2899.3624760696166
2027,2027,2900.278149397769
2028,2028,2901.193822725921
2029,2029,2902.1094960540727
2030,2030,2903.025169382225
2031,2031,2903.940842710377
2032,2032,2904.8565160385297
2033,2033,2905.772189366681
2034,2034,2906.6878626948333
2035,2035,2907.6035360229853
2036,2036,2908.5192093511378
2037,2037,2909.4348826792893
2038,2038,2910.350556007442
2039,2039,2911.266229335594
2040,2040,2912.181902663746
2041,2041,2913.097575991899
2042,2042,2914.01324932005
2043,2043,2914.9289226482024
2044,2044,2915.844595976354
2045,2045,2916.7602693045064
2046,2046,2917.675942632659
2047,2047,2918.5916159608105
2048,2048,2919.5072892889625
2049,2049,2920.422962617114
2050,2050,2921.3386359452666
2051,2051,2922.2543092734186
2052,2052,2923.169982601571
2053,2053,2924.085655929722
2054,2054,2925.0013292578747
2055,2055,2925.917002586027
2056,2056,2926.832675914179
2057,2057,2927.7483492423307
2058,2058,2928.6640225704828
2059,2059,2929.5796958986352
2060,2060,2930.4953692267877
2061,2061,2931.4110425549397
2062,2062,2932.3267158830913
2063,2063,2933.242389211244
2064,2064,2934.158062539396
2065,2065,2935.0737358675483
2066,2066,2935.9894091956994
2067,2067,2936.905082523852
2068,2068,2937.820755852004
2069,2069,2938.7364291801564
2070,2070,2939.652102508308
2071,2071,2940.56777583646
2072,2072,2941.483449164612
2073,2073,2942.3991224927645
2074,2074,2943.314795820917
2075,2075,2944.230469149068
2076,2076,2945.146142477221
2077,2077,2946.0618158053717
2078,2078,2946.9774891335246
2079,2079,2947.893162461677
2080,2080,2948.808835789829
2081,2081,2949.724509117981
2082,2082,2950.6401824461327
2083,2083,2951.555855774285
2084,2084,2952.471529102437
2085,2085,2953.387202430589
2086,2086,2954.302875758741
2087,2087,2955.218549086893
2088,2088,2956.1342224150453
2089,2089,2957.049895743197
2090,2090,2957.965569071349
2091,2091,2958.881242399501
2092,2092,2959.7969157276534
2093,2093,2960.712589055805
2094,2094,2961.628262383957
2095,2095,2962.5439357121086
2096,2096,2963.459609040262
2097,2097,2964.375282368413
2098,2098,2965.290955696566
2099,2099,2966.2066290247176
2100,2100,2967.12230235287
2101,2101,2968.0379756810216
2102,2102,2968.953649009174
2103,2103,2969.869322337326
2104,2104,2970.7849956654777
2105,2105,2971.70066899363
2106,2106,2972.616342321782
2107,2107,2973.532015649935
2108,2108,2974.4476889780867
2109,2109,2975.363362306239
2110,2110,2976.2790356343903
2111,2111,2977.194708962543
2112,2112,2978.1103822906953
2113,2113,2979.026055618847
2114,2114,2979.941728946999
2115,2115,2980.857402275151
2116,2116,2981.7730756033034
2117,2117,2982.688748931455
2118,2118,2983.6044222596074
2119,2119,2984.520095587759
2120,2120,2985.4357689159115
2121,2121,2986.351442244063
2122,2122,2987.2671155722155
2123,2123,2988.1827889003675
2124,2124,2989.09846222852
2125,2125,2990.0141355566716
2126,2126,2990.929808884824
2127,2127,2991.845482212976
2128,2128,2992.761155541128
2129,2129,2993.6768288692797
2130,2130,2994.592502197432
2131,2131,2995.508175525584
2132,2132,2996.4238488537358
2133,2133,2997.339522181888
2134,2134,2998.2551955100403
2135,2135,2999.1708688381927
2136,2136,3000.0865421663448
2137,2137,3001.0022154944963
2138,2138,3001.917888822649
2139,2139,3002.833562150801
2140,2140,3003.7492354789533
2141,2141,3004.6649088071044
2142,2142,3005.580582135257
2143,2143,3006.496255463409
2144,2144,3007.4119287915614
2145,2145,3008.327602119713
2146,2146,3009.243275447865
2147,2147,3010.158948776017
2148,2148,3011.0746221041686
2149,2149,3011.990295432321
2150,2150,3012.905968760473
2151,2151,3013.8216420886256
2152,2152,3014.7373154167767
2153,2153,3015.652988744929
2154,2154,3016.5686620730817
2155,2155,3017.4843354012337
2156,2156,3018.4000087293853
2157,2157,3019.3156820575373
2158,2158,3020.2313553856898
2159,2159,3021.1470287138422
2160,2160,3022.0627020419947
2161,2161,3022.978375370146
2162,2162,3023.8940486982983
2163,2163,3024.8097220264503
2164,2164,3025.725395354603
2165,2165,3026.6410686827544
2166,2166,3027.5567420109064
2167,2167,3028.4724153390584
2168,2168,3029.3880886672105
2169,2169,3030.3037619953625
2170,2170,3031.2194353235145
2171,2171,3032.135108651667
2172,2172,3033.0507819798186
2173,2173,3033.966455307971
2174,2174,3034.8821286361226
2175,2175,3035.797801964275
2176,2176,3036.7134752924267
2177,2177,3037.629148620579
2178,2178,3038.544821948731
2179,2179,3039.4604952768827
2180,2180,3040.3761686050348
2181,2181,3041.2918419331872
2182,2182,3042.2075152613397
2183,2183,3043.1231885894917
2184,2184,3044.038861917644
2185,2185,3044.9545352457953
2186,2186,3045.870208573948
2187,2187,3046.7858819021003
2188,2188,3047.701555230252
2189,2189,3048.617228558404
2190,2190,3049.532901886556
2191,2191,3050.4485752147084
2192,2192,3051.36424854286
2193,2193,3052.2799218710124
2194,2194,3053.195595199164
2195,2195,3054.1112685273165
2196,2196,3055.026941855468
2197,2197,3055.9426151836205
2198,2198,3056.858288511773
2199,2199,3057.773961839925
2200,2200,3058.6896351680766
2201,2201,3059.605308496229
2202,2202,3060.520981824381
2203,2203,3061.436655152533
2204,2204,3062.3523284806847
2205,2205,3063.268001808837
2206,2206,3064.183675136989
2207,2207,3065.099348465141
2208,2208,3066.015021793293
2209,2209,3066.930695121445
2210,2210,3067.8463684495973
2211,2211,3068.762041777749
2212,2212,3069.677715105901
2213,2213,3070.593388434053
2214,2214,3071.5090617622054
2215,2215,3072.4247350903584
2216,2216,3073.340408418509
2217,2217,3074.256081746662
2218,2218,3075.171755074813
2219,2219,3076.0874284029655
2220,2220,3077.003101731118
2221,2221,3077.91877505927
2222,2222,3078.834448387422
2223,2223,3079.7501217155736
2224,2224,3080.665795043726
2225,2225,3081.581468371878
2226,2226,3082.4971417000306
2227,2227,3083.4128150281817
2228,2228,3084.3284883563347
2229,2229,3085.2441616844867
2230,2230,3086.159835012639
2231,2231,3087.075508340791
2232,2232,3087.9911816689428
2233,2233,3088.906854997095
2234,2234,3089.8225283252473
2235,2235,3090.7382016533998
2236,2236,3091.653874981551
2237,2237,3092.569548309703
2238,2238,3093.4852216378554
2239,2239,3094.400894966008
2240,2240,3095.3165682941594
2241,2241,3096.2322416223114
2242,2242,3097.1479149504635
2243,2243,3098.0635882786155
2244,2244,3098.9792616067675
2245,2245,3099.8949349349195
2246,2246,3100.810608263072
2247,2247,3101.7262815912236
2248,2248,3102.641954919376
2249,2249,3103.557628247528
2250,2250,3104.47330157568
2251,2251,3105.3889749038317
2252,2252,3106.304648231984
2253,2253,3107.220321560136
2254,2254,3108.1359948882878
2255,2255,3109.05166821644
2256,2256,3109.9673415445923
2257,2257,3110.8830148727448
2258,2258,3111.798688200897
2259,2259,3112.7143615290483
2260,2260,3113.630034857201
2261,2261,3114.545708185353
2262,2262,3115.4613815135053
2263,2263,3116.377054841657
2264,2264,3117.292728169809
2265,2265,3118.208401497961
2266,2266,3119.1240748261134
2267,2267,3120.039748154265
2268,2268,3120.955421482417
2269,2269,3121.871094810569
2270,2270,3122.7867681387206
2271,2271,3123.702441466874
2272,2272,3124.6181147950256
2273,2273,3125.5337881231776
2274,2274,3126.449461451329
2275,2275,3127.365134779481
2276,2276,3128.2808081076337
2277,2277,3129.1964814357857
2278,2278,3130.1121547639373
2279,2279,3131.0278280920893
2280,2280,3131.943501420242
2281,2281,3132.8591747483947
2282,2282,3133.7748480765467
2283,2283,3134.6905214046983
2284,2284,3135.6061947328503
2285,2285,3136.5218680610024
2286,2286,3137.437541389155
2287,2287,3138.3532147173064
2288,2288,3139.2688880454584
2289,2289,3140.1845613736104
2290,2290,3141.1002347017625
2291,2291,3142.0159080299145
2292,2292,3142.931581358067
2293,2293,3143.847254686219
2294,2294,3144.7629280143706
2295,2295,3145.678601342523
2296,2296,3146.594274670675
2297,2297,3147.509947998827
2298,2298,3148.4256213269787
2299,2299,3149.341294655131
2300,2300,3150.256967983283
2301,2301,3151.1726413114347
2302,2302,3152.0883146395868
2303,2303,3153.0039879677397
2304,2304,3153.9196612958917
2305,2305,3154.835334624044
2306,2306,3155.7510079521962
2307,2307,3156.666681280348
2308,2308,3157.5823546085
2309,2309,3158.4980279366523
2310,2310,3159.413701264804
2311,2311,3160.329374592956
2312,2312,3161.245047921108
2313,2313,3162.1607212492604
2314,2314,3163.076394577413
2315,2315,3163.9920679055645
2316,2316,3164.9077412337165
2317,2317,3165.8234145618685
2318,2318,3166.7390878900205
2319,2319,3167.654761218173
2320,2320,3168.570434546325
2321,2321,3169.486107874477
2322,2322,3170.4017812026286
2323,2323,3171.317454530781
2324,2324,3172.233127858933
2325,2325,3173.148801187085
2326,2326,3174.0644745152367
2327,2327,3174.980147843389
2328,2328,3175.8958211715412
2329,2329,3176.811494499693
2330,2330,3177.727167827845
2331,2331,3178.642841155997
2332,2332,3179.5585144841493
2333,2333,3180.474187812301
2334,2334,3181.389861140453
2335,2335,3182.305534468605
2336,2336,3183.221207796758
2337,2337,3184.1368811249104
2338,2338,3185.052554453062
2339,2339,3185.968227781214
2340,2340,3186.883901109366
2341,2341,3187.7995744375175
2342,2342,3188.71524776567
2343,2343,3189.630921093822
2344,2344,3190.546594421974
2345,2345,3191.4622677501256
2346,2346,3192.377941078278
2347,2347,3193.2936144064306
2348,2348,3194.2092877345826
2349,2349,3195.124961062735
2350,2350,3196.0406343908867
2351,2351,3196.9563077190387
2352,2352,3197.871981047191
2353,2353,3198.787654375343
2354,2354,3199.703327703495
2355,2355,3200.619001031647
2356,2356,3201.5346743597993
2357,2357,3202.4503476879518
2358,2358,3203.3660210161033
2359,2359,3204.2816943442554
2360,2360,3205.1973676724074
2361,2361,3206.11304100056
2362,2362,3207.0287143287114
2363,2363,3207.9443876568635
2364,2364,3208.8600609850155
2365,2365,3209.7757343131675
2366,2366,3210.6914076413195
2367,2367,3211.607080969472
2368,2368,3212.522754297624
2369,2369,3213.4384276257756
2370,2370,3214.354100953928
2371,2371,3215.26977428208
2372,2372,3216.185447610232
2373,2373,3217.1011209383837
2374,2374,3218.016794266536
2375,2375,3218.932467594688
2376,2376,3219.84814092284
2377,2377,3220.7638142509923
2378,2378,3221.6794875791443
2379,2379,3222.5951609072968
2380,2380,3223.5108342354492
2381,2381,3224.4265075636013
2382,2382,3225.342180891753
2383,2383,3226.257854219905
2384,2384,3227.1735275480573
2385,2385,3228.089200876209
2386,2386,3229.004874204361
2387,2387,3229.920547532513
2388,2388,3230.8362208606654
2389,2389,3231.751894188817
2390,2390,3232.667567516969
2391,2391,3233.583240845121
2392,2392,3234.4989141732726
2393,2393,3235.4145875014256
2394,2394,3236.3302608295776
2395,2395,3237.2459341577296
2396,2396,3238.161607485881
2397,2397,3239.077280814033
2398,2398,3239.9929541421857
2399,2399,3240.9086274703377
2400,2400,3241.8243007984893
2401,2401,3242.7399741266418
2402,2402,3243.6556474547942
2403,2403,3244.5713207829467
2404,2404,3245.4869941110987
2405,2405,3246.4026674392503
2406,2406,3247.3183407674023
2407,2407,3248.2340140955544
2408,2408,3249.149687423707
2409,2409,3250.0653607518584
2410,2410,3250.9810340800104
2411,2411,3251.8967074081625
2412,2412,3252.8123807363145
2413,2413,3253.728054064467
2414,2414,3254.643727392619
2415,2415,3255.559400720771
2416,2416,3256.4750740489226
2417,2417,3257.390747377075
2418,2418,3258.306420705227
2419,2419,3259.222094033379
2420,2420,3260.1377673615307
2421,2421,3261.053440689683
2422,2422,3261.969114017836
2423,2423,3262.884787345988
2424,2424,3263.80046067414
2425,2425,3264.7161340022917
2426,2426,3265.6318073304437
2427,2427,3266.547480658596
2428,2428,3267.4631539867482
2429,2429,3268.3788273149
2430,2430,3269.294500643052
2431,2431,3270.2101739712043
2432,2432,3271.125847299356
2433,2433,3272.0415206275084
2434,2434,3272.9571939556604
2435,2435,3273.8728672838124
2436,2436,3274.788540611965
2437,2437,3275.7042139401165
2438,2438,3276.6198872682685
2439,2439,3277.5355605964205
2440,2440,3278.4512339245725
2441,2441,3279.366907252725
2442,2442,3280.282580580877
2443,2443,3281.198253909029
2444,2444,3282.1139272371806
2445,2445,3283.029600565333
2446,2446,3283.945273893485
2447,2447,3284.860947221637
2448,2448,3285.7766205497887
2449,2449,3286.692293877941
2450,2450,3287.6079672060932
2451,2451,3288.523640534245
2452,2452,3289.439313862397
2453,2453,3290.354987190549
2454,2454,3291.2706605187013
2455,2455,3292.1863338468543
2456,2456,3293.1020071750063
2457,2457,3294.017680503158
2458,2458,3294.9333538313103
2459,2459,3295.8490271594624
2460,2460,3296.764700487614
2461,2461,3297.680373815766
2462,2462,3298.596047143918
2463,2463,3299.5117204720696
2464,2464,3300.427393800222
2465,2465,3301.343067128374
2466,2466,3302.2587404565265
2467,2467,3303.1744137846786
2468,2468,3304.09008711283
2469,2469,3305.0057604409826
2470,2470,3305.9214337691346
2471,2471,3306.837107097287
2472,2472,3307.7527804254387
2473,2473,3308.6684537535907
2474,2474,3309.584127081743
2475,2475,3310.499800409895
2476,2476,3311.415473738047
2477,2477,3312.3311470661993
2478,2478,3313.2468203943513
2479,2479,3314.1624937225038
2480,2480,3315.0781670506553
2481,2481,3315.9938403788074
2482,2482,3316.9095137069594
2483,2483,3317.825187035112
2484,2484,3318.7408603632634
2485,2485,3319.6565336914155
2486,2486,3320.5722070195675
2487,2487,3321.4878803477195
2488,2488,3322.403553675872
2489,2489,3323.319227004024
2490,2490,3324.234900332176
2491,2491,3325.1505736603276
2492,2492,3326.06624698848
2493,2493,3326.981920316632
2494,2494,3327.897593644784
2495,2495,3328.8132669729357
2496,2496,3329.728940301088
2497,2497,3330.64461362924
2498,2498,3331.560286957393
2499,2499,3332.475960285545
2500,2500,3333.3916336136967
2501,2501,3334.3073069418488
2502,2502,3335.2229802700012
2503,2503,3336.1386535981533
2504,2504,3337.054326926305
2505,2505,3337.970000254457
2506,2506,3338.8856735826093
2507,2507,3339.801346910761
2508,2508,3340.717020238913
2509,2509,3341.632693567065
2510,2510,3342.5483668952174
2511,2511,3343.464040223369
2512,2512,3344.379713551521
2513,2513,3345.295386879673
2514,2514,3346.2110602078246
2515,2515,3347.1267335359776
2516,2516,3348.0424068641296
2517,2517,3348.9580801922816
2518,2518,3349.873753520433
2519,2519,3350.789426848585
2520,2520,3351.705100176738
2521,2521,3352.62077350489
2522,2522,3353.536446833042
2523,2523,3354.4521201611938
2524,2524,3355.3677934893462
2525,2525,3356.2834668174987
2526,2526,3357.1991401456507
2527,2527,3358.1148134738023
2528,2528,3359.0304868019543
2529,2529,3359.9461601301064
2530,2530,3360.861833458259
2531,2531,3361.7775067864113
2532,2532,3362.693180114563
2533,2533,3363.608853442715
2534,2534,3364.5245267708665
2535,2535,3365.440200099019
2536,2536,3366.355873427171
2537,2537,3367.271546755323
2538,2538,3368.1872200834746
2539,2539,3369.102893411627
2540,2540,3370.018566739779
2541,2541,3370.934240067931
2542,2542,3371.849913396084
2543,2543,3372.7655867242356
2544,2544,3373.6812600523876
2545,2545,3374.59693338054
2546,2546,3375.512606708692
2547,2547,3376.4282800368437
2548,2548,3377.3439533649957
2549,2549,3378.259626693148
2550,2550,3379.1753000213002
2551,2551,3380.090973349452
2552,2552,3381.0066466776043
2553,2553,3381.9223200057563
2554,2554,3382.837993333909
2555,2555,3383.7536666620604
2556,2556,3384.6693399902124
2557,2557,3385.5850133183644
2558,2558,3386.500686646517
2559,2559,3387.4163599746685
2560,2560,3388.3320333028205
2561,2561,3389.2477066309725
2562,2562,3390.1633799591245
2563,2563,3391.079053287277
2564,2564,3391.994726615429
2565,2565,3392.910399943581
2566,2566,3393.8260732717326
2567,2567,3394.741746599885
2568,2568,3395.657419928037
2569,2569,3396.573093256189
2570,2570,3397.4887665843407
2571,2571,3398.404439912493
2572,2572,3399.3201132406452
2573,2573,3400.235786568797
2574,2574,3401.1514598969493
2575,2575,3402.0671332251013
2576,2576,3402.982806553254
2577,2577,3403.8984798814063
2578,2578,3404.8141532095583
2579,2579,3405.72982653771
2580,2580,3406.645499865862
2581,2581,3407.5611731940144
2582,2582,3408.476846522166
2583,2583,3409.392519850318
2584,2584,3410.30819317847
2585,2585,3411.2238665066225
2586,2586,3412.139539834775
2587,2587,3413.0552131629265
2588,2588,3413.9708864910785
2589,2589,3414.8865598192306
2590,2590,3415.802233147382
2591,2591,3416.7179064755346
2592,2592,3417.6335798036866
2593,2593,3418.549253131839
2594,2594,3419.4649264599907
2595,2595,3420.3805997881427
2596,2596,3421.296273116295
2597,2597,3422.211946444447
2598,2598,3423.127619772599
2599,2599,3424.0432931007513
2600,2600,3424.9589664289033
2601,2601,3425.874639757056
2602,2602,3426.7903130852073
2603,2603,3427.7059864133594
2604,2604,3428.6216597415114
2605,2605,3429.537333069664
2606,2606,3430.4530063978154
2607,2607,3431.368679725968
2608,2608,3432.28435305412
2609,2609,3433.2000263822715
2610,2610,3434.115699710424
2611,2611,3435.031373038576
2612,2612,3435.947046366728
2613,2613,3436.8627196948805
2614,2614,3437.778393023032
2615,2615,3438.694066351184
2616,2616,3439.609739679336
2617,2617,3440.525413007489
2618,2618,3441.4410863356406
2619,2619,3442.3567596637927
2620,2620,3443.272432991945
2621,2621,3444.188106320097
2622,2622,3445.1037796482487
