,Regression
0,42.02742580659152
1,42.042284309694416
2,42.05714281279732
3,42.07200131590021
4,42.08685981900311
5,42.10171832210601
6,42.11657682520891
7,42.13143532831181
8,42.1462938314147
9,42.1611523345176
10,42.1760108376205
11,42.1908693407234
12,42.205727843826295
13,42.2205863469292
14,42.235444850032096
15,42.250303353135
16,42.265161856237896
17,42.280020359340796
18,42.29487886244369
19,42.309737365546596
20,42.32459586864949
21,42.33945437175239
22,42.35431287485529
23,42.36917137795818
24,42.384029881061075
25,42.398888384163975
26,42.41374688726688
27,42.42860539036978
28,42.44346389347268
29,42.45832239657558
30,42.473180899678475
31,42.488039402781375
32,42.50289790588428
33,42.517756408987175
34,42.532614912090075
35,42.54747341519297
36,42.56233191829587
37,42.577190421398775
38,42.592048924501654
39,42.60690742760456
40,42.62176593070746
41,42.63662443381036
42,42.651482936913254
43,42.666341440016154
44,42.681199943119054
45,42.696058446221954
46,42.710916949324854
47,42.72577545242776
48,42.74063395553065
49,42.75549245863355
50,42.770350961736455
51,42.785209464839355
52,42.800067967942255
53,42.81492647104514
54,42.82978497414804
55,42.84464347725094
56,42.85950198035384
57,42.87436048345674
58,42.889218986559634
59,42.904077489662534
60,42.918935992765434
61,42.933794495868334
62,42.94865299897123
63,42.963511502074134
64,42.978370005177034
65,42.993228508279934
66,43.00808701138283
67,43.022945514485734
68,43.03780401758861
69,43.05266252069152
70,43.06752102379442
71,43.08237952689731
72,43.09723803000022
73,43.11209653310311
74,43.126955036206006
75,43.14181353930891
76,43.15667204241181
77,43.171530545514706
78,43.18638904861761
79,43.201247551720506
80,43.216106054823406
81,43.23096455792631
82,43.24582306102921
83,43.2606815641321
84,43.275540067235
85,43.2903985703379
86,43.3052570734408
87,43.32011557654371
88,43.3349740796466
89,43.34983258274949
90,43.36469108585239
91,43.379549588955285
92,43.39440809205819
93,43.40926659516109
94,43.424125098263985
95,43.43898360136689
96,43.453842104469786
97,43.468700607572686
98,43.483559110675586
99,43.49841761377848
100,43.51327611688138
101,43.528134619984286
102,43.54299312308718
103,43.55785162619007
104,43.572710129292965
105,43.58756863239587
106,43.60242713549877
107,43.61728563860167
108,43.63214414170457
109,43.64700264480747
110,43.661861147910365
111,43.67671965101327
112,43.69157815411617
113,43.706436657219065
114,43.72129516032196
115,43.736153663424865
116,43.75101216652776
117,43.76587066963066
118,43.780729172733544
119,43.79558767583645
120,43.81044617893935
121,43.825304682042244
122,43.84016318514515
123,43.855021688248044
124,43.869880191350944
125,43.88473869445384
126,43.89959719755674
127,43.914455700659644
128,43.929314203762544
129,43.94417270686544
130,43.959031209968344
131,43.973889713071245
132,43.988748216174145
133,44.00360671927703
134,44.01846522237993
135,44.03332372548282
136,44.04818222858573
137,44.06304073168863
138,44.07789923479152
139,44.09275773789442
140,44.107616240997324
141,44.12247474410023
142,44.137333247203124
143,44.152191750306024
144,44.16705025340892
145,44.181908756511824
146,44.19676725961472
147,44.21162576271762
148,44.2264842658205
149,44.24134276892341
150,44.25620127202631
151,44.27105977512921
152,44.28591827823211
153,44.300776781335
154,44.315635284437896
155,44.330493787540796
156,44.3453522906437
157,44.3602107937466
158,44.37506929684949
159,44.3899277999524
160,44.404786303055296
161,44.419644806158196
162,44.434503309261096
163,44.449361812363996
164,44.46422031546689
165,44.479078818569796
166,44.49393732167269
167,44.50879582477559
168,44.523654327878475
169,44.538512830981375
170,44.55337133408428
171,44.568229837187175
172,44.58308834029008
173,44.597946843392975
174,44.61280534649588
175,44.62766384959877
176,44.64252235270168
177,44.657380855804576
178,44.67223935890747
179,44.68709786201036
180,44.701956365113276
181,44.71681486821617
182,44.731673371319076
183,44.74653187442196
184,44.76139037752486
185,44.776248880627755
186,44.79110738373066
187,44.80596588683356
188,44.820824389936455
189,44.83568289303936
190,44.850541396142255
191,44.865399899245155
192,44.88025840234805
193,44.895116905450955
194,44.90997540855385
195,44.924833911656755
196,44.93969241475965
197,44.95455091786255
198,44.969409420965434
199,44.98426792406835
200,44.99912642717124
201,45.01398493027414
202,45.028843433377034
203,45.04370193647994
204,45.05856043958283
205,45.07341894268573
206,45.08827744578864
207,45.103135948891534
208,45.11799445199443
209,45.132852955097334
210,45.14771145820023
211,45.16256996130313
212,45.177428464406034
213,45.19228696750893
214,45.20714547061182
215,45.22200397371471
216,45.23686247681762
217,45.25172097992052
218,45.266579483023406
219,45.281437986126306
220,45.29629648922921
221,45.311154992332106
222,45.32601349543501
223,45.3408719985379
224,45.355730501640814
225,45.37058900474371
226,45.385447507846614
227,45.40030601094951
228,45.4151645140524
229,45.43002301715529
230,45.44488152025821
231,45.4597400233611
232,45.47459852646401
233,45.489457029566886
234,45.50431553266979
235,45.519174035772686
236,45.53403253887559
237,45.54889104197849
238,45.563749545081386
239,45.57860804818429
240,45.593466551287186
241,45.6083250543901
242,45.62318355749298
243,45.638042060595886
244,45.65290056369878
245,45.66775906680168
246,45.68261756990457
247,45.69747607300748
248,45.712334576110365
249,45.72719307921328
250,45.74205158231617
251,45.75691008541907
252,45.771768588521965
253,45.78662709162487
254,45.80148559472777
255,45.81634409783066
256,45.83120260093357
257,45.846061104036465
258,45.86091960713936
259,45.87577811024226
260,45.89063661334516
261,45.90549511644806
262,45.920353619550966
263,45.93521212265386
264,45.95007062575675
265,45.964929128859644
266,45.979787631962544
267,45.99464613506545
268,46.009504638168345
269,46.024363141271245
270,46.03922164437415
271,46.054080147477045
272,46.06893865057994
273,46.083797153682845
274,46.098655656785745
275,46.11351415988864
276,46.128372662991545
277,46.14323116609444
278,46.15808966919733
279,46.172948172300224
280,46.18780667540314
281,46.20266517850603
282,46.21752368160893
283,46.23238218471182
284,46.247240687814724
285,46.26209919091762
286,46.27695769402053
287,46.291816197123424
288,46.30667470022632
289,46.32153320332922
290,46.33639170643212
291,46.351250209535024
292,46.36610871263792
293,46.38096721574082
294,46.39582571884371
295,46.41068422194661
296,46.4255427250495
297,46.44040122815241
298,46.455259731255296
299,46.4701182343582
300,46.484976737461096
301,46.499835240564
302,46.514693743666896
303,46.5295522467698
304,46.5444107498727
305,46.5592692529756
306,46.574127756078504
307,46.5889862591814
308,46.60384476228429
309,46.61870326538719
310,46.6335617684901
311,46.64842027159299
312,46.66327877469589
313,46.678137277798776
314,46.69299578090168
315,46.707854284004576
316,46.722712787107476
317,46.73757129021038
318,46.75242979331328
319,46.767288296416176
320,46.78214679951908
321,46.797005302621976
322,46.811863805724876
323,46.82672230882777
324,46.841580811930676
325,46.85643931503357
326,46.871297818136476
327,46.88615632123937
328,46.90101482434226
329,46.915873327445155
330,46.93073183054807
331,46.94559033365096
332,46.960448836753855
333,46.975307339856755
334,46.990165842959655
335,47.00502434606256
336,47.019882849165455
337,47.03474135226836
338,47.04959985537125
339,47.06445835847415
340,47.07931686157704
341,47.094175364679955
342,47.10903386778285
343,47.12389237088574
344,47.13875087398864
345,47.15360937709154
346,47.168467880194434
347,47.18332638329735
348,47.19818488640024
349,47.21304338950315
350,47.22790189260604
351,47.242760395708935
352,47.25761889881185
353,47.27247740191473
354,47.287335905017635
355,47.30219440812053
356,47.31705291122343
357,47.33191141432633
358,47.34676991742922
359,47.36162842053212
360,47.37648692363503
361,47.39134542673792
362,47.40620392984082
363,47.42106243294371
364,47.43592093604661
365,47.45077943914952
366,47.46563794225243
367,47.48049644535531
368,47.495354948458214
369,47.51021345156111
370,47.525071954664014
371,47.53993045776691
372,47.55478896086981
373,47.5696474639727
374,47.58450596707561
375,47.5993644701785
376,47.6142229732814
377,47.62908147638429
378,47.64393997948719
379,47.65879848259009
380,47.673656985692986
381,47.68851548879589
382,47.703373991898786
383,47.718232495001686
384,47.73309099810458
385,47.74794950120749
386,47.762808004310386
387,47.777666507413294
388,47.79252501051618
389,47.80738351361908
390,47.82224201672197
391,47.83710051982489
392,47.85195902292778
393,47.86681752603067
394,47.881676029133565
395,47.89653453223647
396,47.911393035339366
397,47.92625153844228
398,47.94111004154517
399,47.955968544648066
400,47.970827047750966
401,47.985685550853866
402,48.00054405395677
403,48.01540255705966
404,48.030261060162566
405,48.04511956326546
406,48.05997806636836
407,48.07483656947125
408,48.089695072574145
409,48.10455357567705
410,48.11941207877995
411,48.13427058188285
412,48.14912908498575
413,48.163987588088645
414,48.17884609119154
415,48.19370459429445
416,48.20856309739736
417,48.22342160050025
418,48.238280103603145
419,48.25313860670604
420,48.26799710980894
421,48.282855612911845
422,48.29771411601474
423,48.31257261911763
424,48.32743112222054
425,48.34228962532343
426,48.35714812842633
427,48.372006631529224
428,48.38686513463213
429,48.401723637735024
430,48.41658214083792
431,48.43144064394082
432,48.446299147043725
433,48.46115765014662
434,48.476016153249525
435,48.490874656352425
436,48.50573315945532
437,48.520591662558225
438,48.5354501656611
439,48.55030866876401
440,48.565167171866904
441,48.58002567496982
442,48.59488417807271
443,48.609742681175604
444,48.6246011842785
445,48.63945968738141
446,48.6543181904843
447,48.66917669358721
448,48.684035196690104
449,48.698893699793
450,48.7137522028959
451,48.72861070599879
452,48.743469209101704
453,48.75832771220459
454,48.77318621530749
455,48.78804471841039
456,48.80290322151329
457,48.81776172461618
458,48.832620227719076
459,48.84747873082197
460,48.86233723392488
461,48.877195737027776
462,48.89205424013068
463,48.906912743233576
464,48.921771246336476
465,48.93662974943938
466,48.95148825254228
467,48.966346755645176
468,48.981205258748076
469,48.99606376185097
470,49.01092226495387
471,49.02578076805678
472,49.04063927115967
473,49.05549777426256
474,49.07035627736546
475,49.08521478046836
476,49.10007328357126
477,49.114931786674155
478,49.12979028977706
479,49.14464879287996
480,49.159507295982856
481,49.17436579908576
482,49.189224302188656
483,49.20408280529155
484,49.21894130839445
485,49.233799811497356
486,49.24865831460025
487,49.26351681770315
488,49.278375320806035
489,49.29323382390894
490,49.30809232701184
491,49.32295083011475
492,49.33780933321764
493,49.35266783632054
494,49.367526339423435
495,49.38238484252634
496,49.39724334562924
497,49.412101848732135
498,49.42696035183503
499,49.44181885493793
500,49.45667735804083
501,49.47153586114372
502,49.486394364246635
503,49.50125286734952
504,49.51611137045242
505,49.530969873555314
506,49.54582837665822
507,49.560686879761114
508,49.57554538286403
509,49.5904038859669
510,49.605262389069814
511,49.62012089217272
512,49.63497939527562
513,49.64983789837851
514,49.66469640148141
515,49.679554904584315
516,49.69441340768721
517,49.70927191079011
518,49.724130413893
519,49.7389889169959
520,49.7538474200988
521,49.7687059232017
522,49.7835644263046
523,49.798422929407494
524,49.813281432510394
525,49.8281399356133
526,49.842998438716194
527,49.857856941819094
528,49.87271544492199
529,49.887573948024894
530,49.90243245112779
531,49.91729095423069
532,49.932149457333594
533,49.94700796043648
534,49.96186646353938
535,49.97672496664229
536,49.99158346974518
537,50.00644197284808
538,50.021300475950966
539,50.036158979053866
540,50.05101748215677
541,50.06587598525967
542,50.08073448836257
543,50.095592991465466
544,50.110451494568366
545,50.12530999767127
546,50.14016850077417
547,50.15502700387706
548,50.16988550697997
549,50.18474401008285
550,50.19960251318576
551,50.21446101628865
552,50.22931951939157
553,50.24417802249445
554,50.25903652559735
555,50.273895028700245
556,50.28875353180315
557,50.303612034906045
558,50.31847053800896
559,50.33332904111185
560,50.348187544214746
561,50.363046047317646
562,50.37790455042055
563,50.39276305352344
564,50.407621556626346
565,50.422480059729246
566,50.43733856283214
567,50.45219706593504
568,50.46705556903793
569,50.481914072140825
570,50.49677257524373
571,50.51163107834663
572,50.526489581449525
573,50.541348084552425
574,50.556206587655325
575,50.571065090758225
576,50.58592359386113
577,50.600782096964025
578,50.61564060006693
579,50.630499103169825
580,50.64535760627272
581,50.66021610937562
582,50.675074612478525
583,50.68993311558141
584,50.70479161868431
585,50.71965012178721
586,50.73450862489011
587,50.74936712799301
588,50.764225631095904
589,50.7790841341988
590,50.793942637301704
591,50.808801140404604
592,50.8236596435075
593,50.838518146610404
594,50.8533766497133
595,50.8682351528162
596,50.883093655919104
597,50.897952159022
598,50.9128106621249
599,50.92766916522778
600,50.94252766833069
601,50.95738617143359
602,50.9722446745365
603,50.987103177639376
604,51.00196168074228
605,51.01682018384518
606,51.03167868694808
607,51.04653719005098
608,51.061395693153884
609,51.076254196256784
610,51.091112699359684
611,51.10597120246258
612,51.120829705565484
613,51.13568820866836
614,51.15054671177127
615,51.16540521487417
616,51.18026371797706
617,51.19512222107997
618,51.20998072418286
619,51.224839227285756
620,51.23969773038866
621,51.25455623349156
622,51.269414736594456
623,51.28427323969736
624,51.299131742800256
625,51.313990245903156
626,51.32884874900606
627,51.34370725210896
628,51.358565755211856
629,51.37342425831475
630,51.38828276141765
631,51.40314126452055
632,51.417999767623456
633,51.43285827072635
634,51.44771677382924
635,51.46257527693214
636,51.477433780035035
637,51.49229228313794
638,51.50715078624084
639,51.522009289343735
640,51.53686779244664
641,51.551726295549535
642,51.56658479865244
643,51.58144330175532
644,51.59630180485823
645,51.61116030796113
646,51.626018811064036
647,51.64087731416693
648,51.65573581726983
649,51.670594320372714
650,51.68545282347562
651,51.70031132657852
652,51.71516982968142
653,51.73002833278432
654,51.74488683588722
655,51.759745338990115
656,51.77460384209302
657,51.78946234519592
658,51.804320848298815
659,51.81917935140171
660,51.834037854504615
661,51.84889635760751
662,51.8637548607104
663,51.878613363813294
664,51.8934718669162
665,51.9083303700191
666,51.923188873121994
667,51.9380473762249
668,51.952905879327794
669,51.96776438243069
670,51.9826228855336
671,51.9974813886365
672,52.01233989173939
673,52.027198394842294
674,52.04205689794519
675,52.056915401048094
676,52.071773904150994
677,52.086632407253894
678,52.10149091035679
679,52.11634941345968
680,52.13120791656257
681,52.14606641966548
682,52.16092492276838
683,52.17578342587127
684,52.19064192897417
685,52.20550043207707
686,52.220358935179966
687,52.23521743828288
688,52.25007594138578
689,52.26493444448867
690,52.279792947591574
691,52.29465145069447
692,52.30950995379737
693,52.32436845690025
694,52.33922696000316
695,52.35408546310606
696,52.36894396620897
697,52.38380246931186
698,52.39866097241476
699,52.413519475517646
700,52.428377978620546
701,52.44323648172345
702,52.45809498482635
703,52.472953487929246
704,52.48781199103215
705,52.502670494135046
706,52.51752899723794
707,52.53238750034085
708,52.547246003443746
709,52.56210450654664
710,52.576963009649546
711,52.59182151275244
712,52.60668001585534
713,52.621538518958225
714,52.63639702206113
715,52.65125552516403
716,52.666114028266925
717,52.68097253136983
718,52.695831034472725
719,52.71068953757562
720,52.72554804067853
721,52.74040654378143
722,52.755265046884325
723,52.77012354998722
724,52.78498205309011
725,52.799840556193026
726,52.81469905929592
727,52.829557562398826
728,52.84441606550172
729,52.85927456860461
730,52.874133071707504
731,52.88899157481041
732,52.90385007791331
733,52.918708581016205
734,52.93356708411911
735,52.948425587222005
736,52.9632840903249
737,52.97814259342781
738,52.99300109653071
739,53.0078595996336
740,53.022718102736505
741,53.0375766058394
742,53.0524351089423
743,53.067293612045184
744,53.0821521151481
745,53.09701061825099
746,53.11186912135389
747,53.126727624456784
748,53.14158612755969
749,53.15644463066258
750,53.17130313376549
751,53.186161636868384
752,53.201020139971284
753,53.21587864307418
754,53.230737146177084
755,53.24559564927998
756,53.26045415238288
757,53.275312655485784
758,53.29017115858868
759,53.30502966169157
760,53.31988816479446
761,53.33474666789737
762,53.34960517100027
763,53.364463674103156
764,53.379322177206056
765,53.39418068030896
766,53.409039183411856
767,53.423897686514756
768,53.438756189617656
769,53.45361469272056
770,53.46847319582346
771,53.483331698926364
772,53.49819020202926
773,53.51304870513215
774,53.52790720823504
775,53.54276571133796
776,53.55762421444085
777,53.57248271754376
778,53.58734122064665
779,53.60219972374954
780,53.617058226852436
781,53.63191672995534
782,53.64677523305824
783,53.661633736161136
784,53.67649223926404
785,53.691350742366936
786,53.70620924546985
787,53.72106774857274
788,53.73592625167564
789,53.75078475477853
790,53.76564325788143
791,53.78050176098432
792,53.79536026408723
793,53.810218767190115
794,53.82507727029303
795,53.83993577339592
796,53.85479427649882
797,53.869652779601715
798,53.88451128270462
799,53.89936978580752
800,53.914228288910415
801,53.92908679201332
802,53.943945295116215
803,53.95880379821911
804,53.973662301322015
805,53.98852080442491
806,54.00337930752781
807,54.018237810630716
808,54.03309631373361
809,54.0479548168365
810,54.062813319939394
811,54.077671823042294
812,54.0925303261452
813,54.1073888292481
814,54.12224733235099
815,54.1371058354539
816,54.151964338556795
817,54.1668228416597
818,54.1816813447626
819,54.196539847865495
820,54.21139835096839
821,54.226256854071295
822,54.24111535717419
823,54.25597386027708
824,54.270832363379974
825,54.28569086648289
826,54.30054936958578
827,54.315407872688674
828,54.33026637579158
829,54.345124878894474
830,54.35998338199739
831,54.37484188510027
832,54.389700388203174
833,54.40455889130607
834,54.41941739440897
835,54.43427589751187
836,54.449134400614774
837,54.46399290371767
838,54.478851406820574
839,54.49370990992346
840,54.50856841302636
841,54.52342691612925
842,54.53828541923216
843,54.553143922335046
844,54.56800242543795
845,54.582860928540846
846,54.59771943164375
847,54.612577934746646
848,54.62743643784955
849,54.64229494095245
850,54.657153444055346
851,54.67201194715825
852,54.68687045026115
853,54.70172895336404
854,54.71658745646694
855,54.73144595956985
856,54.74630446267274
857,54.76116296577564
858,54.77602146887854
859,54.79087997198143
860,54.805738475084326
861,54.820596978187226
862,54.83545548129013
863,54.85031398439303
864,54.865172487495926
865,54.88003099059882
866,54.894889493701726
867,54.909747996804626
868,54.92460649990753
869,54.939465003010426
870,54.95432350611332
871,54.969182009216226
872,54.98404051231912
873,54.99889901542201
874,55.013757518524905
875,55.02861602162782
876,55.04347452473071
877,55.058333027833605
878,55.073191530936505
879,55.088050034039405
880,55.10290853714231
881,55.11776704024521
882,55.132625543348105
883,55.147484046451
884,55.1623425495539
885,55.17720105265679
886,55.192059555759705
887,55.2069180588626
888,55.221776561965505
889,55.23663506506839
890,55.25149356817129
891,55.266352071274184
892,55.2812105743771
893,55.29606907747997
894,55.310927580582884
895,55.32578608368578
896,55.340644586788684
897,55.3555030898916
898,55.37036159299449
899,55.385220096097385
900,55.40007859920028
901,55.41493710230318
902,55.42979560540608
903,55.44465410850897
904,55.45951261161187
905,55.47437111471478
906,55.48922961781767
907,55.50408812092057
908,55.518946624023464
909,55.53380512712637
910,55.54866363022926
911,55.56352213333216
912,55.578380636435064
913,55.593239139537964
914,55.60809764264086
915,55.622956145743764
916,55.63781464884666
917,55.65267315194956
918,55.667531655052464
919,55.68239015815536
920,55.69724866125825
921,55.71210716436115
922,55.72696566746404
923,55.74182417056694
924,55.75668267366984
925,55.771541176772736
926,55.78639967987564
927,55.801258182978536
928,55.816116686081436
929,55.83097518918434
930,55.84583369228724
931,55.860692195390136
932,55.87555069849304
933,55.89040920159593
934,55.90526770469883
935,55.92012620780172
936,55.93498471090464
937,55.94984321400753
938,55.96470171711044
939,55.979560220213315
940,55.99441872331622
941,56.009277226419115
942,56.02413572952203
943,56.03899423262492
944,56.053852735727816
945,56.068711238830716
946,56.083569741933616
947,56.09842824503652
948,56.11328674813942
949,56.128145251242316
950,56.14300375434521
951,56.15786225744811
952,56.172720760551
953,56.1875792636539
954,56.2024377667568
955,56.2172962698597
956,56.2321547729626
957,56.2470132760655
958,56.261871779168395
959,56.2767302822713
960,56.2915887853742
961,56.30644728847711
962,56.32130579158
963,56.336164294682895
964,56.35102279778579
965,56.36588130088869
966,56.380739803991595
967,56.39559830709449
968,56.41045681019739
969,56.42531531330029
970,56.44017381640318
971,56.45503231950608
972,56.469890822608974
973,56.48474932571187
974,56.499607828814774
975,56.514466331917674
976,56.52932483502058
977,56.54418333812347
978,56.55904184122637
979,56.573900344329275
980,56.588758847432175
981,56.60361735053507
982,56.618475853637975
983,56.63333435674085
984,56.64819285984376
985,56.66305136294665
986,56.67790986604957
987,56.69276836915246
988,56.70762687225536
989,56.72248537535826
990,56.737343878461154
991,56.75220238156405
992,56.76706088466696
993,56.781919387769854
994,56.79677789087275
995,56.81163639397565
996,56.82649489707854
997,56.841353400181454
998,56.85621190328435
999,56.87107040638724
1000,56.88592890949014
1001,56.90078741259304
1002,56.91564591569593
1003,56.930504418798826
1004,56.94536292190172
1005,56.96022142500463
1006,56.975079928107526
1007,56.98993843121043
1008,57.004796934313326
1009,57.019655437416226
1010,57.03451394051913
1011,57.049372443622026
1012,57.06423094672493
1013,57.079089449827826
1014,57.09394795293072
1015,57.10880645603362
1016,57.123664959136526
1017,57.13852346223942
1018,57.15338196534232
1019,57.16824046844521
1020,57.18309897154811
1021,57.19795747465101
1022,57.212815977753905
1023,57.22767448085681
1024,57.242532983959705
1025,57.257391487062606
1026,57.27224999016551
1027,57.287108493268406
1028,57.3019669963713
1029,57.3168254994742
1030,57.331684002577106
1031,57.346542505680006
1032,57.3614010087829
1033,57.376259511885785
1034,57.39111801498869
1035,57.40597651809159
1036,57.4208350211945
1037,57.43569352429739
1038,57.45055202740029
1039,57.465410530503185
1040,57.48026903360609
1041,57.49512753670898
1042,57.509986039811885
1043,57.524844542914785
1044,57.53970304601768
1045,57.55456154912058
1046,57.56942005222347
1047,57.584278555326385
1048,57.59913705842928
1049,57.61399556153217
1050,57.628854064635064
1051,57.64371256773797
1052,57.658571070840864
1053,57.67342957394376
1054,57.68828807704665
1055,57.70314658014957
1056,57.71800508325246
1057,57.732863586355364
1058,57.74772208945826
1059,57.76258059256116
1060,57.777439095664064
1061,57.79229759876696
1062,57.80715610186986
1063,57.82201460497275
1064,57.83687310807565
1065,57.85173161117855
1066,57.86659011428146
1067,57.88144861738435
1068,57.89630712048725
1069,57.91116562359014
1070,57.92602412669304
1071,57.94088262979593
1072,57.95574113289886
1073,57.97059963600174
1074,57.985458139104644
1075,58.00031664220754
1076,58.01517514531044
1077,58.030033648413344
1078,58.044892151516244
1079,58.059750654619144
1080,58.07460915772204
1081,58.08946766082493
1082,58.10432616392782
1083,58.119184667030716
1084,58.134043170133616
1085,58.14890167323652
1086,58.16376017633942
1087,58.17861867944232
1088,58.19347718254522
1089,58.208335685648116
1090,58.22319418875102
1091,58.23805269185392
1092,58.25291119495681
1093,58.26776969805971
1094,58.2826282011626
1095,58.29748670426551
1096,58.3123452073684
1097,58.327203710471316
1098,58.34206221357421
1099,58.35692071667711
1100,58.37177921978001
1101,58.3866377228829
1102,58.401496225985795
1103,58.41635472908871
1104,58.4312132321916
1105,58.4460717352945
1106,58.460930238397395
1107,58.4757887415003
1108,58.4906472446032
1109,58.505505747706096
1110,58.520364250808996
1111,58.53522275391189
1112,58.55008125701478
1113,58.56493976011768
1114,58.579798263220574
1115,58.59465676632348
1116,58.60951526942638
1117,58.624373772529275
1118,58.63923227563218
1119,58.654090778735075
1120,58.66894928183798
1121,58.68380778494088
1122,58.698666288043775
1123,58.71352479114667
1124,58.728383294249575
1125,58.74324179735247
1126,58.75810030045537
1127,58.772958803558275
1128,58.78781730666117
1129,58.80267580976407
1130,58.81753431286696
1131,58.83239281596986
1132,58.847251319072754
1133,58.86210982217565
1134,58.87696832527856
1135,58.89182682838146
1136,58.906685331484354
1137,58.92154383458725
1138,58.936402337690154
1139,58.95126084079307
1140,58.96611934389595
1141,58.980977846998854
1142,58.99583635010174
1143,59.01069485320464
1144,59.02555335630753
1145,59.04041185941044
1146,59.05527036251334
1147,59.07012886561625
1148,59.08498736871914
1149,59.09984587182204
1150,59.114704374924926
1151,59.12956287802783
1152,59.144421381130726
1153,59.159279884233634
1154,59.174138387336534
1155,59.188996890439434
1156,59.20385539354233
1157,59.218713896645234
1158,59.233572399748134
1159,59.24843090285103
1160,59.26328940595392
1161,59.27814790905681
1162,59.29300641215971
1163,59.30786491526261
1164,59.322723418365506
1165,59.33758192146841
1166,59.35244042457131
1167,59.367298927674206
1168,59.38215743077711
1169,59.397015933880006
1170,59.4118744369829
1171,59.42673294008581
1172,59.441591443188706
1173,59.4564499462916
1174,59.471308449394506
1175,59.4861669524974
1176,59.5010254556003
1177,59.515883958703206
1178,59.5307424618061
1179,59.545600964909
1180,59.56045946801189
1181,59.575317971114785
1182,59.59017647421769
1183,59.60503497732058
1184,59.619893480423485
1185,59.63475198352639
1186,59.649610486629285
1187,59.66446898973218
1188,59.67932749283509
1189,59.69418599593799
1190,59.70904449904088
1191,59.723903002143786
1192,59.73876150524667
1193,59.75362000834957
1194,59.768478511452464
1195,59.78333701455537
1196,59.79819551765827
1197,59.81305402076117
1198,59.82791252386407
1199,59.84277102696697
1200,59.85762953006986
1201,59.87248803317277
1202,59.88734653627565
1203,59.902205039378565
1204,59.91706354248146
1205,59.931922045584365
1206,59.94678054868726
1207,59.96163905179015
1208,59.976497554893065
1209,59.99135605799596
1210,60.00621456109885
1211,60.021073064201744
1212,60.03593156730464
1213,60.050790070407544
1214,60.06564857351046
1215,60.08050707661334
1216,60.095365579716244
1217,60.11022408281914
1218,60.12508258592205
1219,60.13994108902494
1220,60.154799592127844
1221,60.169658095230744
1222,60.18451659833364
1223,60.19937510143653
1224,60.21423360453943
1225,60.22909210764232
1226,60.24395061074523
1227,60.25880911384813
1228,60.27366761695103
1229,60.28852612005393
1230,60.30338462315682
1231,60.318243126259716
1232,60.33310162936262
1233,60.34796013246552
1234,60.362818635568416
1235,60.377677138671324
1236,60.39253564177422
1237,60.40739414487712
1238,60.422252647980024
1239,60.437111151082924
1240,60.45196965418581
1241,60.46682815728872
1242,60.481686660391595
1243,60.4965451634945
1244,60.511403666597396
1245,60.526262169700296
1246,60.5411206728032
1247,60.5559791759061
1248,60.570837679008996
1249,60.5856961821119
1250,60.600554685214796
1251,60.6154131883177
1252,60.630271691420596
1253,60.645130194523496
1254,60.65998869762639
1255,60.674847200729296
1256,60.68970570383219
1257,60.70456420693509
1258,60.719422710037996
1259,60.73428121314089
1260,60.74913971624378
1261,60.763998219346675
1262,60.77885672244958
1263,60.793715225552475
1264,60.80857372865539
1265,60.82343223175828
1266,60.83829073486118
1267,60.853149237964075
1268,60.86800774106698
1269,60.88286624416988
1270,60.897724747272775
1271,60.91258325037567
1272,60.92744175347857
1273,60.94230025658146
1274,60.95715875968436
1275,60.972017262787254
1276,60.98687576589016
1277,61.00173426899306
1278,61.016592772095954
1279,61.03145127519886
1280,61.046309778301755
1281,61.061168281404655
1282,61.076026784507555
1283,61.090885287610455
1284,61.10574379071335
1285,61.120602293816255
1286,61.13546079691915
1287,61.15031930002205
1288,61.165177803124955
1289,61.180036306227855
1290,61.19489480933074
1291,61.20975331243364
1292,61.22461181553653
1293,61.23947031863944
1294,61.25432882174234
1295,61.26918732484523
1296,61.284045827948134
1297,61.298904331051034
1298,61.31376283415394
1299,61.328621337256834
1300,61.34347984035973
1301,61.35833834346263
1302,61.37319684656552
1303,61.38805534966843
1304,61.40291385277132
1305,61.41777235587421
1306,61.43263085897712
1307,61.44748936208002
1308,61.46234786518293
1309,61.47720636828582
1310,61.49206487138871
1311,61.506923374491606
1312,61.5217818775945
1313,61.536640380697406
1314,61.55149888380031
1315,61.566357386903206
1316,61.581215890006106
1317,61.59607439310901
1318,61.610932896211914
1319,61.625791399314814
1320,61.64064990241771
1321,61.6555084055206
1322,61.67036690862349
1323,61.685225411726385
1324,61.70008391482929
1325,61.714942417932185
1326,61.72980092103509
1327,61.74465942413799
1328,61.759517927240886
1329,61.77437643034379
1330,61.789234933446686
1331,61.8040934365496
1332,61.81895193965248
1333,61.833810442755386
1334,61.84866894585828
1335,61.86352744896118
1336,61.87838595206408
1337,61.89324445516698
1338,61.90810295826988
1339,61.922961461372786
1340,61.93781996447567
1341,61.95267846757857
1342,61.96753697068146
1343,61.98239547378437
1344,61.99725397688727
1345,62.012112479990165
1346,62.02697098309306
1347,62.041829486195965
1348,62.056687989298865
1349,62.07154649240177
1350,62.08640499550466
1351,62.10126349860756
1352,62.11612200171045
1353,62.130980504813344
1354,62.14583900791625
1355,62.160697511019144
1356,62.175556014122044
1357,62.19041451722495
1358,62.20527302032785
1359,62.22013152343075
1360,62.23499002653365
1361,62.24984852963654
1362,62.26470703273944
1363,62.279565535842345
1364,62.294424038945245
1365,62.30928254204814
1366,62.324141045151045
1367,62.33899954825394
1368,62.35385805135684
1369,62.368716554459745
1370,62.38357505756264
1371,62.39843356066553
1372,62.413292063768424
1373,62.42815056687133
1374,62.443009069974224
1375,62.45786757307712
1376,62.47272607618002
1377,62.48758457928293
1378,62.50244308238582
1379,62.51730158548872
1380,62.53216008859162
1381,62.547018591694524
1382,62.56187709479741
1383,62.57673559790032
1384,62.59159410100321
1385,62.60645260410611
1386,62.621311107209
1387,62.63616961031191
1388,62.65102811341481
1389,62.66588661651772
1390,62.6807451196206
1391,62.6956036227235
1392,62.710462125826396
1393,62.7253206289293
1394,62.7401791320322
1395,62.755037635135096
1396,62.769896138238
1397,62.784754641340896
1398,62.799613144443796
1399,62.8144716475467
1400,62.8293301506496
1401,62.84418865375249
1402,62.85904715685538
1403,62.873905659958275
1404,62.88876416306118
1405,62.903622666164075
1406,62.918481169266975
1407,62.93333967236988
1408,62.94819817547278
1409,62.963056678575676
1410,62.97791518167858
1411,62.992773684781476
1412,63.00763218788437
1413,63.022490690987276
1414,63.037349194090176
1415,63.05220769719307
1416,63.067066200295976
1417,63.08192470339887
1418,63.09678320650177
1419,63.111641709604676
1420,63.12650021270757
1421,63.14135871581046
1422,63.156217218913355
1423,63.171075722016255
1424,63.185934225119155
1425,63.20079272822206
1426,63.21565123132496
1427,63.23050973442786
1428,63.245368237530755
1429,63.26022674063366
1430,63.27508524373654
1431,63.289943746839455
1432,63.30480224994234
1433,63.31966075304524
1434,63.33451925614814
1435,63.34937775925104
1436,63.364236262353934
1437,63.37909476545685
1438,63.39395326855974
1439,63.40881177166265
1440,63.42367027476554
1441,63.438528777868434
1442,63.45338728097133
1443,63.46824578407423
1444,63.483104287177134
1445,63.49796279028003
1446,63.51282129338293
1447,63.52767979648583
1448,63.54253829958873
1449,63.557396802691635
1450,63.57225530579453
1451,63.58711380889742
1452,63.60197231200031
1453,63.616830815103214
1454,63.63168931820611
1455,63.64654782130901
1456,63.66140632441193
1457,63.67626482751482
1458,63.691123330617714
1459,63.70598183372061
1460,63.720840336823514
1461,63.73569883992641
1462,63.7505573430293
1463,63.7654158461322
1464,63.78027434923511
1465,63.795132852338
1466,63.8099913554409
1467,63.8248498585438
1468,63.8397083616467
1469,63.8545668647496
1470,63.869425367852486
1471,63.88428387095539
1472,63.899142374058286
1473,63.914000877161186
1474,63.92885938026409
1475,63.94371788336698
1476,63.958576386469886
1477,63.97343488957279
1478,63.988293392675686
1479,64.00315189577859
1480,64.01801039888146
1481,64.03286890198439
1482,64.04772740508727
1483,64.06258590819017
1484,64.07744441129307
1485,64.09230291439597
1486,64.10716141749886
1487,64.12201992060177
1488,64.13687842370467
1489,64.15173692680757
1490,64.16659542991047
1491,64.18145393301336
1492,64.19631243611626
1493,64.21117093921916
1494,64.22602944232206
1495,64.24088794542496
1496,64.25574644852786
1497,64.27060495163076
1498,64.28546345473366
1499,64.30032195783656
1500,64.31518046093943
1501,64.33003896404236
1502,64.34489746714524
1503,64.35975597024813
1504,64.37461447335104
1505,64.38947297645393
1506,64.40433147955684
1507,64.41918998265974
1508,64.43404848576264
1509,64.44890698886555
1510,64.46376549196845
1511,64.47862399507133
1512,64.49348249817423
1513,64.50834100127713
1514,64.52319950438003
1515,64.53805800748293
1516,64.55291651058583
1517,64.56777501368873
1518,64.58263351679163
1519,64.59749201989453
1520,64.61235052299742
1521,64.62720902610033
1522,64.64206752920322
1523,64.65692603230612
1524,64.67178453540902
1525,64.68664303851193
1526,64.70150154161482
1527,64.71636004471772
1528,64.73121854782062
1529,64.74607705092352
1530,64.76093555402642
1531,64.7757940571293
1532,64.7906525602322
1533,64.8055110633351
1534,64.820369566438
1535,64.8352280695409
1536,64.85008657264379
1537,64.8649450757467
1538,64.8798035788496
1539,64.89466208195249
1540,64.90952058505539
1541,64.92437908815829
1542,64.93923759126119
1543,64.95409609436409
1544,64.96895459746699
1545,64.98381310056989
1546,64.99867160367279
1547,65.01353010677569
1548,65.0283886098786
1549,65.04324711298149
1550,65.05810561608439
1551,65.07296411918728
1552,65.08782262229018
1553,65.10268112539308
1554,65.11753962849598
1555,65.13239813159888
1556,65.14725663470178
1557,65.16211513780468
1558,65.17697364090758
1559,65.19183214401048
1560,65.20669064711336
1561,65.22154915021629
1562,65.23640765331916
1563,65.25126615642206
1564,65.26612465952496
1565,65.28098316262786
1566,65.29584166573076
1567,65.31070016883366
1568,65.32555867193656
1569,65.34041717503946
1570,65.35527567814236
1571,65.37013418124525
1572,65.38499268434815
1573,65.39985118745105
1574,65.41470969055395
1575,65.42956819365685
1576,65.44442669675975
1577,65.45928519986265
1578,65.47414370296555
1579,65.48900220606845
1580,65.50386070917132
1581,65.51871921227425
1582,65.53357771537713
1583,65.54843621848003
1584,65.56329472158293
1585,65.57815322468583
1586,65.59301172778872
1587,65.60787023089163
1588,65.62272873399453
1589,65.63758723709742
1590,65.65244574020033
1591,65.66730424330322
1592,65.68216274640612
1593,65.69702124950902
1594,65.71187975261192
1595,65.72673825571482
1596,65.74159675881772
1597,65.75645526192062
1598,65.77131376502352
1599,65.78617226812642
1600,65.80103077122929
1601,65.81588927433222
1602,65.8307477774351
1603,65.84560628053801
1604,65.86046478364091
1605,65.87532328674381
1606,65.89018178984671
1607,65.90504029294961
1608,65.91989879605251
1609,65.93475729915541
1610,65.94961580225831
1611,65.96447430536121
1612,65.9793328084641
1613,65.99419131156701
1614,66.0090498146699
1615,66.0239083177728
1616,66.03876682087571
1617,66.05362532397861
1618,66.0684838270815
1619,66.08334233018441
1620,66.09820083328728
1621,66.1130593363902
1622,66.12791783949308
1623,66.14277634259598
1624,66.15763484569888
1625,66.17249334880178
1626,66.18735185190468
1627,66.20221035500758
1628,66.21706885811048
1629,66.23192736121338
1630,66.24678586431628
1631,66.26164436741918
1632,66.27650287052207
1633,66.29136137362498
1634,66.30621987672787
1635,66.32107837983077
1636,66.33593688293368
1637,66.35079538603657
1638,66.36565388913947
1639,66.38051239224237
1640,66.39537089534525
1641,66.41022939844817
1642,66.42508790155105
1643,66.43994640465395
1644,66.45480490775685
1645,66.46966341085975
1646,66.48452191396265
1647,66.49938041706554
1648,66.51423892016845
1649,66.52909742327135
1650,66.54395592637425
1651,66.55881442947714
1652,66.57367293258004
1653,66.58853143568294
1654,66.60338993878584
1655,66.61824844188874
1656,66.63310694499164
1657,66.64796544809454
1658,66.66282395119744
1659,66.67768245430035
1660,66.69254095740322
1661,66.70739946050614
1662,66.72225796360902
1663,66.73711646671192
1664,66.75197496981482
1665,66.76683347291772
1666,66.78169197602061
1667,66.79655047912352
1668,66.81140898222642
1669,66.82626748532932
1670,66.84112598843221
1671,66.85598449153511
1672,66.87084299463801
1673,66.88570149774091
1674,66.90056000084381
1675,66.91541850394671
1676,66.93027700704961
1677,66.94513551015251
1678,66.95999401325541
1679,66.97485251635831
1680,66.9897110194612
1681,67.00456952256411
1682,67.019428025667
1683,67.0342865287699
1684,67.0491450318728
1685,67.0640035349757
1686,67.0788620380786
1687,67.0937205411815
1688,67.1085790442844
1689,67.1234375473873
1690,67.13829605049021
1691,67.15315455359308
1692,67.16801305669598
1693,67.18287155979888
1694,67.19773006290178
1695,67.21258856600468
1696,67.22744706910758
1697,67.24230557221047
1698,67.25716407531338
1699,67.27202257841628
1700,67.28688108151917
1701,67.30173958462208
1702,67.31659808772497
1703,67.33145659082787
1704,67.34631509393077
1705,67.36117359703367
1706,67.37603210013657
1707,67.39089060323947
1708,67.40574910634237
1709,67.42060760944527
1710,67.43546611254817
1711,67.45032461565107
1712,67.46518311875396
1713,67.48004162185686
1714,67.49490012495976
1715,67.50975862806266
1716,67.52461713116556
1717,67.53947563426847
1718,67.55433413737136
1719,67.56919264047426
1720,67.58405114357714
1721,67.59890964668006
1722,67.61376814978293
1723,67.62862665288584
1724,67.64348515598874
1725,67.65834365909164
1726,67.67320216219454
1727,67.68806066529744
1728,67.70291916840034
1729,67.71777767150324
1730,67.73263617460614
1731,67.74749467770904
1732,67.76235318081193
1733,67.77721168391483
1734,67.79207018701773
1735,67.80692869012063
1736,67.82178719322353
1737,67.83664569632643
1738,67.85150419942933
1739,67.86636270253223
1740,67.88122120563511
1741,67.89607970873803
1742,67.9109382118409
1743,67.92579671494381
1744,67.94065521804671
1745,67.9555137211496
1746,67.97037222425251
1747,67.9852307273554
1748,68.00008923045831
1749,68.01494773356121
1750,68.02980623666411
1751,68.044664739767
1752,68.0595232428699
1753,68.0743817459728
1754,68.0892402490757
1755,68.1040987521786
1756,68.1189572552815
1757,68.1338157583844
1758,68.14867426148729
1759,68.1635327645902
1760,68.17839126769309
1761,68.193249770796
1762,68.20810827389889
1763,68.22296677700179
1764,68.23782528010469
1765,68.2526837832076
1766,68.26754228631049
1767,68.2824007894134
1768,68.29725929251629
1769,68.31211779561919
1770,68.3269762987221
1771,68.34183480182497
1772,68.35669330492786
1773,68.37155180803077
1774,68.38641031113367
1775,68.40126881423657
1776,68.41612731733947
1777,68.43098582044237
1778,68.44584432354527
1779,68.46070282664817
1780,68.47556132975106
1781,68.49041983285396
1782,68.50527833595686
1783,68.52013683905976
1784,68.53499534216266
1785,68.54985384526556
1786,68.56471234836846
1787,68.57957085147136
1788,68.59442935457426
1789,68.60928785767716
1790,68.62414636078006
1791,68.63900486388295
1792,68.65386336698586
1793,68.66872187008875
1794,68.68358037319165
1795,68.69843887629455
1796,68.71329737939745
1797,68.72815588250035
1798,68.74301438560325
1799,68.75787288870615
1800,68.77273139180903
1801,68.78758989491196
1802,68.80244839801483
1803,68.81730690111773
1804,68.83216540422063
1805,68.84702390732353
1806,68.86188241042643
1807,68.87674091352933
1808,68.89159941663222
1809,68.90645791973513
1810,68.92131642283803
1811,68.93617492594092
1812,68.95103342904382
1813,68.96589193214672
1814,68.98075043524962
1815,68.99560893835253
1816,69.01046744145542
1817,69.02532594455832
1818,69.04018444766122
1819,69.05504295076412
1820,69.06990145386699
1821,69.08475995696992
1822,69.09961846007279
1823,69.1144769631757
1824,69.1293354662786
1825,69.1441939693815
1826,69.1590524724844
1827,69.1739109755873
1828,69.1887694786902
1829,69.2036279817931
1830,69.218486484896
1831,69.23334498799889
1832,69.24820349110179
1833,69.26306199420468
1834,69.27792049730759
1835,69.29277900041049
1836,69.30763750351339
1837,69.32249600661629
1838,69.33735450971919
1839,69.35221301282209
1840,69.36707151592498
1841,69.38193001902789
1842,69.39678852213079
1843,69.41164702523368
1844,69.42650552833658
1845,69.44136403143948
1846,69.45622253454238
1847,69.47108103764528
1848,69.48593954074818
1849,69.50079804385108
1850,69.51565654695398
1851,69.53051505005686
1852,69.54537355315976
1853,69.56023205626265
1854,69.57509055936556
1855,69.58994906246846
1856,69.60480756557135
1857,69.61966606867426
1858,69.63452457177715
1859,69.64938307488006
1860,69.66424157798295
1861,69.67910008108586
1862,69.69395858418875
1863,69.70881708729165
1864,69.72367559039455
1865,69.73853409349746
1866,69.75339259660035
1867,69.76825109970325
1868,69.78310960280615
1869,69.79796810590904
1870,69.81282660901195
1871,69.82768511211484
1872,69.84254361521775
1873,69.85740211832064
1874,69.87226062142354
1875,69.88711912452644
1876,69.90197762762935
1877,69.91683613073224
1878,69.93169463383515
1879,69.94655313693804
1880,69.96141164004092
1881,69.97627014314385
1882,69.99112864624672
1883,70.00598714934961
1884,70.02084565245252
1885,70.03570415555542
1886,70.05056265865832
1887,70.06542116176122
1888,70.08027966486412
1889,70.09513816796702
1890,70.10999667106992
1891,70.12485517417281
1892,70.13971367727571
1893,70.15457218037861
1894,70.16943068348151
1895,70.18428918658441
1896,70.19914768968731
1897,70.21400619279021
1898,70.22886469589311
1899,70.24372319899601
1900,70.2585817020989
1901,70.27344020520182
1902,70.2882987083047
1903,70.30315721140761
1904,70.3180157145105
1905,70.3328742176134
1906,70.3477327207163
1907,70.3625912238192
1908,70.3774497269221
1909,70.392308230025
1910,70.40716673312791
1911,70.42202523623078
1912,70.43688373933368
1913,70.45174224243658
1914,70.46660074553948
1915,70.48145924864238
1916,70.49631775174528
1917,70.51117625484818
1918,70.52603475795108
1919,70.54089326105398
1920,70.55575176415688
1921,70.57061026725978
1922,70.58546877036267
1923,70.60032727346557
1924,70.61518577656847
1925,70.63004427967137
1926,70.64490278277427
1927,70.65976128587717
1928,70.67461978898007
1929,70.68947829208297
1930,70.70433679518587
1931,70.71919529828875
1932,70.73405380139165
1933,70.74891230449454
1934,70.76377080759745
1935,70.77862931070034
1936,70.79348781380325
1937,70.80834631690615
1938,70.82320482000905
1939,70.83806332311195
1940,70.85292182621485
1941,70.86778032931775
1942,70.88263883242064
1943,70.89749733552355
1944,70.91235583862644
1945,70.92721434172934
1946,70.94207284483223
1947,70.95693134793514
1948,70.97178985103804
1949,70.98664835414094
1950,71.00150685724384
1951,71.01636536034674
1952,71.03122386344963
1953,71.04608236655254
1954,71.06094086965544
1955,71.07579937275833
1956,71.09065787586124
1957,71.10551637896413
1958,71.12037488206703
1959,71.13523338516994
1960,71.15009188827281
1961,71.16495039137573
1962,71.17980889447861
1963,71.19466739758153
1964,71.2095259006844
1965,71.22438440378731
1966,71.2392429068902
1967,71.25410140999311
1968,71.26895991309601
1969,71.2838184161989
1970,71.29867691930181
1971,71.3135354224047
1972,71.3283939255076
1973,71.3432524286105
1974,71.35811093171341
1975,71.3729694348163
1976,71.38782793791921
1977,71.40268644102208
1978,71.417544944125
1979,71.43240344722791
1980,71.44726195033078
1981,71.4621204534337
1982,71.47697895653658
1983,71.49183745963948
1984,71.50669596274237
1985,71.52155446584528
1986,71.53641296894818
1987,71.55127147205107
1988,71.56612997515398
1989,71.58098847825687
1990,71.59584698135978
1991,71.61070548446267
1992,71.62556398756557
1993,71.64042249066847
1994,71.65528099377137
1995,71.67013949687427
1996,71.68499799997717
1997,71.69985650308006
1998,71.71471500618297
1999,71.72957350928588
2000,71.74443201238876
2001,71.75929051549167
2002,71.77414901859456
2003,71.78900752169746
2004,71.80386602480036
2005,71.81872452790326
2006,71.83358303100616
2007,71.84844153410906
2008,71.86330003721196
2009,71.87815854031486
2010,71.89301704341777
2011,71.90787554652064
2012,71.92273404962354
2013,71.93759255272644
2014,71.95245105582934
2015,71.96730955893224
2016,71.98216806203514
2017,71.99702656513804
2018,72.01188506824094
2019,72.02674357134384
2020,72.04160207444673
2021,72.05646057754964
2022,72.07131908065253
2023,72.08617758375543
2024,72.10103608685833
2025,72.11589458996123
2026,72.13075309306413
2027,72.14561159616703
2028,72.16047009926993
2029,72.17532860237283
2030,72.19018710547573
2031,72.20504560857863
2032,72.21990411168152
2033,72.23476261478442
2034,72.24962111788732
2035,72.26447962099022
2036,72.27933812409312
2037,72.29419662719602
2038,72.30905513029892
2039,72.32391363340182
2040,72.3387721365047
2041,72.35363063960762
2042,72.3684891427105
2043,72.3833476458134
2044,72.39820614891629
2045,72.4130646520192
2046,72.42792315512209
2047,72.442781658225
2048,72.4576401613279
2049,72.4724986644308
2050,72.4873571675337
2051,72.5022156706366
2052,72.51707417373949
2053,72.53193267684239
2054,72.5467911799453
2055,72.56164968304819
2056,72.57650818615109
2057,72.59136668925399
2058,72.60622519235689
2059,72.62108369545979
2060,72.63594219856267
2061,72.65080070166559
2062,72.66565920476847
2063,72.68051770787137
2064,72.69537621097426
2065,72.71023471407717
2066,72.72509321718006
2067,72.73995172028296
2068,72.75481022338587
2069,72.76966872648876
2070,72.78452722959167
2071,72.79938573269456
2072,72.81424423579745
2073,72.82910273890036
2074,72.84396124200327
2075,72.85881974510616
2076,72.87367824820906
2077,72.88853675131195
2078,72.90339525441486
2079,72.91825375751776
2080,72.93311226062066
2081,72.94797076372356
2082,72.96282926682645
2083,72.97768776992935
2084,72.99254627303225
2085,73.00740477613516
2086,73.02226327923805
2087,73.03712178234096
2088,73.05198028544385
2089,73.06683878854675
2090,73.08169729164966
2091,73.09655579475253
2092,73.11141429785543
2093,73.12627280095833
2094,73.14113130406123
2095,73.15598980716412
2096,73.17084831026703
2097,73.18570681336995
2098,73.20056531647283
2099,73.21542381957573
2100,73.23028232267862
2101,73.24514082578153
2102,73.25999932888442
2103,73.27485783198732
2104,73.28971633509022
2105,73.30457483819312
2106,73.31943334129602
2107,73.33429184439892
2108,73.3491503475018
2109,73.36400885060472
2110,73.37886735370763
2111,73.3937258568105
2112,73.4085843599134
2113,73.4234428630163
2114,73.4383013661192
2115,73.45315986922209
2116,73.468018372325
2117,73.4828768754279
2118,73.49773537853079
2119,73.5125938816337
2120,73.52745238473659
2121,73.5423108878395
2122,73.55716939094239
2123,73.57202789404529
2124,73.58688639714819
2125,73.60174490025109
2126,73.61660340335399
2127,73.63146190645689
2128,73.64632040955979
2129,73.66117891266269
2130,73.67603741576559
2131,73.69089591886848
2132,73.70575442197138
2133,73.72061292507428
2134,73.73547142817719
2135,73.75032993128008
2136,73.76518843438298
2137,73.78004693748588
2138,73.79490544058878
2139,73.80976394369168
2140,73.82462244679456
2141,73.83948094989748
2142,73.85433945300035
2143,73.86919795610326
2144,73.88405645920615
2145,73.89891496230906
2146,73.91377346541195
2147,73.92863196851486
2148,73.94349047161776
2149,73.95834897472066
2150,73.97320747782356
2151,73.98806598092645
2152,74.00292448402934
2153,74.01778298713225
2154,74.03264149023515
2155,74.04749999333805
2156,74.06235849644095
2157,74.07721699954385
2158,74.09207550264675
2159,74.10693400574965
2160,74.12179250885255
2161,74.13665101195545
2162,74.15150951505835
2163,74.16636801816125
2164,74.18122652126414
2165,74.19608502436705
2166,74.21094352746994
2167,74.22580203057284
2168,74.24066053367574
2169,74.25551903677862
2170,74.27037753988155
2171,74.28523604298442
2172,74.30009454608734
2173,74.31495304919022
2174,74.32981155229312
2175,74.34467005539601
2176,74.35952855849892
2177,74.37438706160181
2178,74.38924556470472
2179,74.40410406780762
2180,74.41896257091051
2181,74.43382107401342
2182,74.44867957711631
2183,74.46353808021922
2184,74.47839658332211
2185,74.49325508642502
2186,74.50811358952791
2187,74.52297209263081
2188,74.5378305957337
2189,74.5526890988366
2190,74.56754760193951
2191,74.58240610504241
2192,74.59726460814531
2193,74.61212311124821
2194,74.6269816143511
2195,74.64184011745401
2196,74.65669862055691
2197,74.6715571236598
2198,74.68641562676271
2199,74.7012741298656
2200,74.71613263296848
2201,74.73099113607141
2202,74.74584963917428
2203,74.7607081422772
2204,74.77556664538008
2205,74.79042514848298
2206,74.80528365158588
2207,74.82014215468878
2208,74.8350006577917
2209,74.84985916089457
2210,74.86471766399748
2211,74.87957616710037
2212,74.89443467020328
2213,74.90929317330617
2214,74.92415167640907
2215,74.93901017951197
2216,74.95386868261488
2217,74.96872718571777
2218,74.98358568882067
2219,74.99844419192357
2220,75.01330269502645
2221,75.02816119812938
2222,75.04301970123225
2223,75.05787820433517
2224,75.07273670743805
2225,75.08759521054095
2226,75.10245371364384
2227,75.11731221674675
2228,75.13217071984965
2229,75.14702922295255
2230,75.16188772605545
2231,75.17674622915834
2232,75.19160473226125
2233,75.20646323536414
2234,75.22132173846704
2235,75.23618024156994
2236,75.25103874467284
2237,75.26589724777574
2238,75.28075575087864
2239,75.29561425398154
2240,75.31047275708444
2241,75.32533126018734
2242,75.34018976329024
2243,75.35504826639314
2244,75.36990676949603
2245,75.38476527259894
2246,75.39962377570183
2247,75.41448227880473
2248,75.42934078190763
2249,75.44419928501051
2250,75.45905778811344
2251,75.47391629121631
2252,75.48877479431924
2253,75.50363329742211
2254,75.51849180052501
2255,75.53335030362791
2256,75.54820880673081
2257,75.56306730983371
2258,75.57792581293661
2259,75.59278431603951
2260,75.60764281914241
2261,75.62250132224531
2262,75.6373598253482
2263,75.65221832845111
2264,75.667076831554
2265,75.68193533465691
2266,75.6967938377598
2267,75.7116523408627
2268,75.7265108439656
2269,75.74136934706848
2270,75.7562278501714
2271,75.77108635327428
2272,75.7859448563772
2273,75.80080335948007
2274,75.81566186258299
2275,75.83052036568589
2276,75.8453788687888
2277,75.86023737189169
2278,75.8750958749946
2279,75.88995437809749
2280,75.90481288120037
2281,75.9196713843033
2282,75.93452988740617
2283,75.94938839050909
2284,75.96424689361197
2285,75.97910539671487
2286,75.99396389981776
2287,76.00882240292067
2288,76.02368090602356
2289,76.03853940912646
2290,76.05339791222937
2291,76.06825641533227
2292,76.08311491843517
2293,76.09797342153807
2294,76.11283192464096
2295,76.12769042774386
2296,76.14254893084677
2297,76.15740743394966
2298,76.17226593705256
2299,76.18712444015544
2300,76.20198294325834
2301,76.21684144636127
2302,76.23169994946414
2303,76.24655845256706
2304,76.26141695566994
2305,76.27627545877284
2306,76.29113396187573
2307,76.30599246497864
2308,76.32085096808154
2309,76.33570947118443
2310,76.35056797428734
2311,76.36542647739023
2312,76.38028498049314
2313,76.39514348359603
2314,76.41000198669894
2315,76.42486048980183
2316,76.43971899290473
2317,76.45457749600763
2318,76.46943599911053
2319,76.48429450221344
2320,76.49915300531632
2321,76.51401150841923
2322,76.52887001152212
2323,76.54372851462503
2324,76.55858701772792
2325,76.57344552083082
2326,76.58830402393372
2327,76.60316252703663
2328,76.61802103013952
2329,76.6328795332424
2330,76.64773803634532
2331,76.6625965394482
2332,76.67745504255113
2333,76.692313545654
2334,76.7071720487569
2335,76.7220305518598
2336,76.7368890549627
2337,76.7517475580656
2338,76.7666060611685
2339,76.7814645642714
2340,76.7963230673743
2341,76.8111815704772
2342,76.82604007358009
2343,76.840898576683
2344,76.85575707978589
2345,76.87061558288879
2346,76.88547408599169
2347,76.90033258909459
2348,76.91519109219749
2349,76.93004959530037
2350,76.9449080984033
2351,76.95976660150617
2352,76.9746251046091
2353,76.98948360771197
2354,77.00434211081487
2355,77.01920061391777
2356,77.03405911702067
2357,77.04891762012358
2358,77.06377612322648
2359,77.07863462632938
2360,77.09349312943228
2361,77.10835163253519
2362,77.12321013563806
2363,77.13806863874099
2364,77.15292714184386
2365,77.16778564494676
2366,77.18264414804966
2367,77.19750265115256
2368,77.21236115425546
2369,77.22721965735835
2370,77.24207816046126
2371,77.25693666356416
2372,77.27179516666706
2373,77.28665366976996
2374,77.30151217287285
2375,77.31637067597575
2376,77.33122917907866
2377,77.34608768218155
2378,77.36094618528445
2379,77.37580468838735
2380,77.39066319149023
2381,77.40552169459315
2382,77.42038019769603
2383,77.43523870079895
2384,77.45009720390182
2385,77.46495570700473
2386,77.47981421010762
2387,77.49467271321053
2388,77.50953121631343
2389,77.52438971941632
2390,77.53924822251923
2391,77.55410672562213
2392,77.56896522872503
2393,77.58382373182792
2394,77.5986822349308
2395,77.61354073803372
2396,77.62839924113663
2397,77.6432577442395
2398,77.65811624734242
2399,77.6729747504453
2400,77.6878332535482
2401,77.70269175665112
2402,77.717550259754
2403,77.73240876285692
2404,77.74726726595979
2405,77.7621257690627
2406,77.77698427216559
2407,77.79184277526849
2408,77.8067012783714
2409,77.82155978147429
2410,77.8364182845772
2411,77.85127678768009
2412,77.866135290783
2413,77.88099379388589
2414,77.89585229698879
2415,77.91071080009169
2416,77.92556930319459
2417,77.94042780629748
2418,77.95528630940039
2419,77.9701448125033
2420,77.98500331560618
2421,77.99986181870909
2422,78.01472032181198
2423,78.02957882491489
2424,78.04443732801778
2425,78.05929583112069
2426,78.07415433422358
2427,78.0890128373265
2428,78.10387134042938
2429,78.11872984353226
2430,78.1335883466352
2431,78.14844684973806
2432,78.163305352841
2433,78.17816385594386
2434,78.19302235904676
2435,78.20788086214966
2436,78.22273936525256
2437,78.23759786835545
2438,78.25245637145836
2439,78.26731487456127
2440,78.28217337766415
2441,78.29703188076707
2442,78.31189038386995
2443,78.32674888697288
2444,78.34160739007575
2445,78.35646589317865
2446,78.37132439628155
2447,78.38618289938445
2448,78.40104140248735
2449,78.41589990559024
2450,78.43075840869317
2451,78.44561691179605
2452,78.46047541489895
2453,78.47533391800184
2454,78.49019242110474
2455,78.50505092420764
2456,78.51990942731054
2457,78.53476793041344
2458,78.54962643351634
2459,78.56448493661924
2460,78.57934343972212
2461,78.59420194282505
2462,78.60906044592792
2463,78.62391894903085
2464,78.63877745213372
2465,78.65363595523662
2466,78.66849445833952
2467,78.68335296144242
2468,78.69821146454532
2469,78.7130699676482
2470,78.72792847075112
2471,78.74278697385402
2472,78.75764547695692
2473,78.77250398005981
2474,78.7873624831627
2475,78.80222098626561
2476,78.81707948936851
2477,78.83193799247141
2478,78.84679649557431
2479,78.86165499867721
2480,78.8765135017801
2481,78.89137200488301
2482,78.90623050798591
2483,78.92108901108881
2484,78.93594751419171
2485,78.9508060172946
2486,78.9656645203975
2487,78.98052302350041
2488,78.9953815266033
2489,79.0102400297062
2490,79.0250985328091
2491,79.03995703591198
2492,79.0548155390149
2493,79.06967404211778
2494,79.0845325452207
2495,79.09939104832357
2496,79.11424955142648
2497,79.12910805452937
2498,79.14396655763228
2499,79.15882506073518
2500,79.17368356383807
2501,79.18854206694098
2502,79.20340057004388
2503,79.21825907314678
2504,79.23311757624968
2505,79.24797607935255
2506,79.26283458245547
2507,79.27769308555838
2508,79.29255158866127
2509,79.30741009176415
2510,79.32226859486705
2511,79.33712709796995
2512,79.35198560107287
2513,79.36684410417575
2514,79.38170260727865
2515,79.39656111038154
2516,79.41141961348445
2517,79.42627811658734
2518,79.44113661969024
2519,79.45599512279315
2520,79.47085362589604
2521,79.48571212899895
2522,79.50057063210184
2523,79.51542913520477
2524,79.53028763830764
2525,79.54514614141056
2526,79.56000464451344
2527,79.57486314761636
2528,79.58972165071923
2529,79.60458015382213
2530,79.61943865692506
2531,79.63429716002793
2532,79.64915566313084
2533,79.66401416623373
2534,79.67887266933663
2535,79.69373117243953
2536,79.70858967554244
2537,79.72344817864533
2538,79.73830668174824
2539,79.75316518485113
2540,79.76802368795401
2541,79.78288219105694
2542,79.79774069415981
2543,79.81259919726274
2544,79.82745770036561
2545,79.84231620346851
2546,79.85717470657141
2547,79.87203320967431
2548,79.8868917127772
2549,79.9017502158801
2550,79.91660871898301
2551,79.9314672220859
2552,79.94632572518881
2553,79.9611842282917
2554,79.9760427313946
2555,79.9909012344975
2556,80.0057597376004
2557,80.0206182407033
2558,80.0354767438062
2559,80.0503352469091
2560,80.06519375001199
2561,80.08005225311491
2562,80.0949107562178
2563,80.10976925932071
2564,80.12462776242359
2565,80.13948626552649
2566,80.15434476862939
2567,80.16920327173229
2568,80.18406177483519
2569,80.19892027793806
2570,80.21377878104099
2571,80.22863728414387
2572,80.2434957872468
2573,80.25835429034967
2574,80.27321279345256
2575,80.28807129655547
2576,80.30292979965837
2577,80.31778830276127
2578,80.33264680586417
2579,80.34750530896707
2580,80.36236381206994
2581,80.37722231517287
2582,80.39208081827577
2583,80.40693932137867
2584,80.42179782448156
2585,80.43665632758446
2586,80.45151483068736
2587,80.46637333379026
2588,80.48123183689316
2589,80.49609033999604
2590,80.51094884309896
2591,80.52580734620184
2592,80.54066584930476
2593,80.55552435240763
2594,80.57038285551054
2595,80.58524135861343
2596,80.60009986171634
2597,80.61495836481923
2598,80.62981686792214
2599,80.64467537102504
2600,80.65953387412794
2601,80.67439237723084
2602,80.68925088033374
2603,80.70410938343664
2604,80.71896788653953
2605,80.73382638964245
2606,80.74868489274533
2607,80.76354339584823
2608,80.77840189895112
2609,80.79326040205402
2610,80.80811890515693
2611,80.82297740825982
2612,80.83783591136273
2613,80.85269441446563
2614,80.86755291756852
2615,80.88241142067143
2616,80.8972699237743
2617,80.91212842687722
2618,80.92698692998013
2619,80.94184543308302
2620,80.9567039361859
2621,80.97156243928882
2622,80.9864209423917
